tripinfo_arrival;tripinfo_arrivalLane;tripinfo_arrivalPos;tripinfo_arrivalSpeed;tripinfo_depart;tripinfo_departDelay;tripinfo_departLane;tripinfo_departPos;tripinfo_departSpeed;tripinfo_devices;tripinfo_duration;tripinfo_id;tripinfo_rerouteNo;tripinfo_routeLength;tripinfo_speedFactor;tripinfo_stopTime;tripinfo_timeLoss;tripinfo_vType;tripinfo_vaporized;tripinfo_waitingCount;tripinfo_waitingTime
25.00;317371668#1_1;150.53;14.05;4.00;0.00;317371668#1_1;1.95;0.00;tripinfo_Bus_44;21.00;Bus_44;0;148.58;1.04;0.00;10.48;MotorCycle;;0;0.00
28.00;317371668#1_1;150.53;14.80;6.00;1.00;317371668#1_1;1.95;0.00;tripinfo_Auto_51;22.00;Auto_51;0;148.58;1.17;0.00;11.95;MotorCycle;;1;1.00
34.00;317371668#1_1;150.53;12.47;11.00;0.00;317371668#1_1;2.70;0.00;tripinfo_Bus_95;23.00;Bus_95;0;147.83;1.06;0.00;12.50;Auto;;0;0.00
38.00;317371668#1_1;150.53;12.60;14.00;2.00;317371668#1_1;2.70;0.00;tripinfo_MotorCycle_103;24.00;MotorCycle_103;0;147.83;0.95;0.00;12.09;Auto;;0;0.00
40.00;317371668#1_1;150.53;12.24;18.00;6.00;317371668#1_1;3.70;0.00;tripinfo_MotorCycle_104;22.00;MotorCycle_104;0;146.83;0.89;0.00;9.59;Car;;0;0.00
43.00;317371668#1_1;150.53;11.95;22.00;0.00;317371668#1_1;1.95;0.00;tripinfo_Car_187;21.00;Car_187;0;148.58;0.89;0.00;8.59;MotorCycle;;0;0.00
52.00;317371668#1_1;150.53;13.24;30.00;0.00;317371668#1_1;1.95;0.00;tripinfo_Car_246;22.00;Car_246;0;148.58;0.97;0.00;10.04;MotorCycle;;0;0.00
58.00;331667964#4_1;46.11;12.88;1.00;0.00;37571582#0_1;1.95;0.00;tripinfo_Auto_17;57.00;Auto_17;0;559.70;0.94;0.00;13.34;MotorCycle;;0;0.00
58.00;317371668#1_1;150.53;13.70;36.00;0.00;317371668#1_1;1.95;0.00;tripinfo_Auto_280;22.00;Auto_280;0;148.58;0.99;0.00;10.56;MotorCycle;;0;0.00
62.00;317371668#1_1;150.53;13.86;40.00;4.00;317371668#1_1;3.70;0.00;tripinfo_Auto_281;22.00;Auto_281;0;146.83;1.08;0.00;11.33;Car;;0;0.00
63.00;331667964#4_1;46.11;12.63;5.00;4.00;37571582#0_1;3.70;0.00;tripinfo_Auto_18;58.00;Auto_18;0;557.95;0.94;0.00;14.79;Car;;0;0.00
65.00;331667964#4_1;46.11;14.04;8.00;3.00;37571582#0_1;2.70;0.00;tripinfo_Bus_52;57.00;Bus_52;0;558.95;1.02;0.00;16.48;Auto;;0;0.00
66.00;317371668#1_1;150.53;13.99;43.00;6.00;317371668#1_1;3.70;0.00;tripinfo_MotorCycle_293;23.00;MotorCycle_293;0;146.83;1.14;0.00;13.07;Car;;1;1.00
68.00;36897741#0_1;60.96;8.78;0.00;0.00;167456697_1;2.70;0.00;tripinfo_MotorCycle_6;68.00;MotorCycle_6;0;383.46;1.05;0.00;40.46;Auto;;1;15.00
70.00;36897741#0_1;60.96;9.84;4.00;0.00;167456697_1;3.70;0.00;tripinfo_MotorCycle_41;66.00;MotorCycle_41;0;382.46;0.96;0.00;35.69;Car;;1;13.00
73.00;36897741#0_1;60.96;9.34;9.00;0.00;167456697_1;2.70;0.00;tripinfo_Car_78;64.00;Car_78;0;383.46;1.01;0.00;35.06;Auto;;1;7.00
75.00;331667964#4_1;46.11;11.99;13.00;0.00;37571582#0_1;2.70;0.00;tripinfo_Car_111;62.00;Car_111;0;558.95;0.87;0.00;15.44;Auto;;0;0.00
78.00;331667964#4_1;46.11;13.24;22.00;0.00;37571582#0_1;1.95;0.00;tripinfo_Car_188;56.00;Car_188;0;559.70;0.97;0.00;13.91;MotorCycle;;0;0.00
82.00;317371668#1_1;150.53;12.59;59.00;0.00;317371668#1_1;2.70;0.00;tripinfo_Bus_443;23.00;Bus_443;0;147.83;1.24;0.00;13.39;Auto;;0;0.00
84.00;317371668#1_1;150.53;13.15;62.00;3.00;317371668#1_1;1.95;0.00;tripinfo_Bus_444;22.00;Bus_444;0;148.58;0.96;0.00;9.95;MotorCycle;;0;0.00
88.00;317371668#1_1;150.53;13.94;68.00;0.00;317371668#1_1;1.95;0.00;tripinfo_MotorCycle_511;20.00;MotorCycle_511;0;148.58;1.01;0.00;9.10;MotorCycle;;0;0.00
93.00;317371668#1_1;150.53;13.69;71.00;0.00;317371668#1_1;1.95;0.00;tripinfo_MotorCycle_533;22.00;MotorCycle_533;0;148.58;0.99;0.00;10.44;MotorCycle;;0;0.00
98.00;317371668#1_1;150.53;13.19;75.00;4.00;317371668#1_1;3.70;0.00;tripinfo_MotorCycle_534;23.00;MotorCycle_534;0;146.83;1.04;0.00;12.31;Car;;0;0.00
102.00;317371668#1_1;150.53;13.29;79.00;5.00;317371668#1_1;3.70;0.00;tripinfo_Car_560;23.00;Car_560;0;146.83;1.13;0.00;13.12;Car;;0;0.00
104.00;331667964#4_1;46.11;14.92;50.00;0.00;37571582#0_1;1.95;0.00;tripinfo_Auto_384;54.00;Auto_384;0;559.70;1.10;0.00;16.50;MotorCycle;;0;0.00
106.00;167457326_1;304.94;15.08;4.00;0.00;317766697#1_1;2.70;0.00;tripinfo_Auto_42;102.00;Auto_42;0;500.26;1.09;0.00;68.51;Auto;;1;38.00
106.00;317371668#1_1;150.53;12.48;82.00;5.00;317371668#1_1;2.70;0.00;tripinfo_Bus_588;24.00;Bus_588;0;147.83;0.95;0.00;12.01;Auto;;0;0.00
107.00;331667964#4_1;46.11;13.82;53.00;0.00;37571582#0_1;1.95;0.00;tripinfo_MotorCycle_402;54.00;MotorCycle_402;0;559.70;1.02;0.00;13.64;MotorCycle;;0;0.00
108.00;167457326_1;304.94;14.02;8.00;4.00;317766697#1_1;3.70;0.00;tripinfo_Auto_43;100.00;Auto_43;0;499.26;1.04;0.00;64.61;Car;;1;37.00
109.00;317371668#1_1;150.53;12.63;85.00;1.00;317371668#1_1;2.70;0.00;tripinfo_Bus_666;24.00;Bus_666;0;147.83;1.06;0.00;13.59;Auto;;1;1.00
110.00;167457326_1;304.94;14.03;10.00;1.00;317766697#1_1;1.95;0.00;tripinfo_Car_80;100.00;Car_80;0;501.01;1.03;0.00;64.17;MotorCycle;;2;37.00
111.00;36897741#0_1;60.96;10.75;12.00;3.00;167456697_1;1.95;0.00;tripinfo_Car_79;99.00;Car_79;0;384.21;1.09;0.00;72.13;MotorCycle;;2;41.00
111.00;167457326_1;304.94;14.61;15.00;0.00;317766697#1_1;2.70;0.00;tripinfo_Auto_136;96.00;Auto_136;0;500.26;1.12;0.00;63.09;Auto;;1;32.00
111.00;317371668#1_1;150.53;12.67;89.00;4.00;317371668#1_1;1.95;0.00;tripinfo_Bus_673;22.00;Bus_673;0;148.58;1.02;0.00;10.78;MotorCycle;;0;0.00
112.00;36897741#0_1;60.96;10.47;15.00;2.00;167456697_1;1.95;0.00;tripinfo_Car_109;97.00;Car_109;0;384.21;0.96;0.00;66.78;MotorCycle;;2;39.00
114.00;167457326_1;304.94;12.69;18.00;1.00;317766697#1_1;2.70;0.00;tripinfo_Auto_153;96.00;Auto_153;0;500.26;0.93;0.00;56.34;Auto;;1;29.00
114.00;317371668#1_1;150.53;11.21;93.00;0.00;317371668#1_1;1.95;0.00;tripinfo_Auto_727;21.00;Auto_727;0;148.58;0.82;0.00;7.58;MotorCycle;;0;0.00
115.00;36897741#0_1;60.96;10.35;18.00;5.00;167456697_1;3.70;0.00;tripinfo_Car_110;97.00;Car_110;0;382.46;0.93;0.00;65.91;Car;;2;37.00
115.00;167457326_1;304.94;13.51;22.00;1.00;317766697#1_1;2.70;0.00;tripinfo_MotorCycle_180;93.00;MotorCycle_180;0;500.26;1.10;0.00;59.74;Auto;;1;27.00
118.00;36897741#0_1;60.96;10.26;21.00;2.00;167456697_1;1.95;0.00;tripinfo_Auto_169;97.00;Auto_169;0;384.21;0.94;0.00;65.72;MotorCycle;;2;36.00
118.00;167457326_1;304.94;12.24;29.00;0.00;317766697#1_1;1.95;0.00;tripinfo_Car_237;89.00;Car_237;0;501.01;0.88;0.00;47.35;MotorCycle;;1;23.00
119.00;167457326_1;304.94;12.25;41.00;0.00;317766697#1_1;2.70;0.00;tripinfo_Bus_329;78.00;Bus_329;0;500.26;0.90;0.00;37.68;Auto;;1;11.00
125.00;317371668#1_1;150.53;11.04;100.00;0.00;317371668#1_1;10.20;0.00;tripinfo_Auto_774;25.00;Auto_774;0;140.33;0.85;0.00;12.92;Bus;;0;0.00
127.00;317371668#1_1;150.53;12.71;104.00;4.00;317371668#1_1;2.70;0.00;tripinfo_Auto_775;23.00;Auto_775;0;147.83;1.14;0.00;13.66;Auto;;0;0.00
131.00;317371668#1_1;150.53;11.36;108.00;4.00;317371668#1_1;2.70;0.00;tripinfo_Bus_811;23.00;Bus_811;0;147.83;0.84;0.00;10.22;Auto;;0;0.00
133.00;317371668#1_1;150.53;13.05;111.00;7.00;317371668#1_1;1.95;0.00;tripinfo_Bus_812;22.00;Bus_812;0;148.58;1.12;0.00;11.93;MotorCycle;;0;0.00
139.00;36897741#0_1;60.96;10.05;24.00;5.00;167456697_1;3.70;0.00;tripinfo_Auto_170;115.00;Auto_170;0;382.46;1.09;0.00;88.13;Car;;3;47.00
140.00;36897741#0_1;60.96;10.33;28.00;7.00;167456697_1;3.70;0.00;tripinfo_Bus_179;112.00;Bus_179;0;382.46;1.06;0.00;84.84;Car;;2;47.00
143.00;317371668#1_1;150.53;12.31;119.00;0.00;317371668#1_1;2.70;0.00;tripinfo_MotorCycle_921;24.00;MotorCycle_921;0;147.83;0.91;0.00;11.40;Auto;;0;0.00
144.00;36897741#0_1;60.96;9.87;31.00;7.00;167456697_1;2.70;0.00;tripinfo_Bus_210;113.00;Bus_210;0;383.46;1.10;0.00;86.52;Auto;;2;45.00
148.00;167457326_1;304.94;13.11;43.00;2.00;317766697#1_1;1.95;0.00;tripinfo_Bus_330;105.00;Bus_330;0;501.01;0.96;0.00;67.26;MotorCycle;;3;35.00
152.00;167457326_1;304.94;12.40;48.00;0.00;317766697#1_1;1.95;0.00;tripinfo_Auto_363;104.00;Auto_363;0;501.01;0.90;0.00;63.63;MotorCycle;;2;32.00
155.00;167457326_1;304.94;13.55;54.00;0.00;317766697#1_1;2.70;0.00;tripinfo_Bus_411;101.00;Bus_411;0;500.26;0.98;0.00;63.18;Auto;;2;26.00
156.00;167457326_1;304.94;13.10;57.00;3.00;317766697#1_1;1.95;0.00;tripinfo_Bus_412;99.00;Bus_412;0;501.01;0.97;0.00;61.58;MotorCycle;;1;24.00
156.00;317371668#1_1;150.53;12.05;132.00;0.00;317371668#1_1;2.70;0.00;tripinfo_Bus_1015;24.00;Bus_1015;0;147.83;1.23;0.00;14.46;Auto;;0;0.00
158.00;36897741#0_1;60.96;8.75;35.00;1.00;167456697_1;2.70;0.00;tripinfo_Bus_267;123.00;Bus_267;0;383.46;0.92;0.00;91.78;Auto;;3;51.00
160.00;36897741#0_1;60.96;9.13;39.00;3.00;167456697_1;2.70;0.00;tripinfo_Car_279;121.00;Car_279;0;383.46;0.97;0.00;91.02;Auto;;3;50.00
161.00;317371668#1_1;150.53;12.20;138.00;0.00;317371668#1_1;2.70;0.00;tripinfo_Bus_1064;23.00;Bus_1064;0;147.83;1.04;0.00;12.75;Auto;;0;0.00
163.00;36897741#0_1;60.96;9.05;46.00;6.00;167456697_1;10.20;0.00;tripinfo_Bus_318;117.00;Bus_318;0;375.96;1.18;0.00;92.87;Bus;;3;44.00
165.00;317371668#1_1;150.53;12.62;142.00;4.00;317371668#1_1;3.70;0.00;tripinfo_Bus_1065;23.00;Bus_1065;0;146.83;0.92;0.00;11.34;Car;;0;0.00
166.00;36897741#0_1;60.96;9.08;50.00;10.00;167456697_1;2.70;0.00;tripinfo_Bus_319;116.00;Bus_319;0;383.46;1.13;0.00;90.68;Auto;;3;41.00
167.00;167457326_1;304.94;14.60;60.00;4.00;317766697#1_1;3.70;0.00;tripinfo_MotorCycle_426;107.00;MotorCycle_426;0;499.26;1.05;0.00;72.47;Car;;2;29.00
168.00;36897741#0_1;60.96;9.01;53.00;13.00;167456697_1;1.95;0.00;tripinfo_Bus_320;115.00;Bus_320;0;384.21;1.16;0.00;89.91;MotorCycle;;3;41.00
169.00;36897741#0_1;60.96;8.78;57.00;17.00;167456697_1;3.70;0.00;tripinfo_Bus_321;112.00;Bus_321;0;382.46;0.87;0.00;79.11;Car;;4;38.00
170.00;167457326_1;304.94;14.43;63.00;6.00;317766697#1_1;2.70;0.00;tripinfo_MotorCycle_432;107.00;MotorCycle_432;0;500.26;1.05;0.00;71.94;Auto;;2;29.00
170.00;317371668#1_1;150.53;12.71;146.00;0.00;317371668#1_1;2.70;0.00;tripinfo_Bus_1122;24.00;Bus_1122;0;147.83;1.24;0.00;14.19;Auto;;0;0.00
171.00;36897741#0_1;60.96;9.78;60.00;16.00;167456697_1;2.70;0.00;tripinfo_Bus_350;111.00;Bus_350;0;383.46;1.02;0.00;82.16;Auto;;4;32.00
171.00;167457326_1;304.94;14.18;66.00;9.00;317766697#1_1;1.95;0.00;tripinfo_MotorCycle_433;105.00;MotorCycle_433;0;501.01;1.05;0.00;70.46;MotorCycle;;2;29.00
172.00;317371668#1_1;150.53;13.61;150.00;4.00;317371668#1_1;3.70;0.00;tripinfo_Bus_1123;22.00;Bus_1123;0;146.83;1.02;0.00;11.17;Car;;0;0.00
173.00;36897741#0_1;60.96;9.96;64.00;12.00;167456697_1;2.70;0.00;tripinfo_MotorCycle_391;109.00;MotorCycle_391;0;383.46;1.11;0.00;82.43;Auto;;3;31.00
174.00;317371668#1_1;150.53;13.49;152.00;3.00;317371668#1_1;1.95;0.00;tripinfo_Auto_1145;22.00;Auto_1145;0;148.58;0.98;0.00;10.28;MotorCycle;;0;0.00
175.00;36897741#0_1;60.96;10.41;67.00;15.00;167456697_1;1.95;0.00;tripinfo_MotorCycle_392;108.00;MotorCycle_392;0;384.21;1.00;0.00;78.39;MotorCycle;;3;29.00
178.00;36897741#0_1;60.96;8.81;70.00;17.00;167456697_1;2.70;0.00;tripinfo_MotorCycle_400;108.00;MotorCycle_400;0;383.46;0.98;0.00;78.15;Auto;;3;26.00
179.00;36897741#0_1;60.96;8.69;75.00;22.00;167456697_1;3.70;0.00;tripinfo_MotorCycle_401;104.00;MotorCycle_401;0;382.46;1.03;0.00;76.08;Car;;4;22.00
181.00;36897741#0_1;60.96;9.71;78.00;23.00;167456697_1;2.70;0.00;tripinfo_Auto_421;103.00;Auto_421;0;383.46;1.05;0.00;75.30;Auto;;3;19.00
181.00;317371668#1_1;150.53;11.82;157.00;0.00;317371668#1_1;2.70;0.00;tripinfo_Car_1202;24.00;Car_1202;0;147.83;0.98;0.00;13.06;Auto;;0;0.00
182.00;331667964#4_1;46.11;9.51;60.00;0.00;37571582#0_1;1.95;0.00;tripinfo_MotorCycle_453;122.00;MotorCycle_453;0;559.70;0.99;0.00;80.73;MotorCycle;;1;56.00
183.00;331667964#4_1;46.11;9.63;62.00;1.00;37571582#0_1;1.95;0.00;tripinfo_Bus_461;121.00;Bus_461;0;559.70;0.92;0.00;77.09;MotorCycle;;2;54.00
184.00;317371668#1_1;150.53;12.63;163.00;0.00;317371668#1_1;1.95;0.00;tripinfo_Bus_1246;21.00;Bus_1246;0;148.58;0.91;0.00;8.93;MotorCycle;;0;0.00
186.00;331667964#4_1;46.11;8.31;66.00;2.00;37571582#0_1;2.70;0.00;tripinfo_Auto_480;120.00;Auto_480;0;558.95;1.03;0.00;80.81;Auto;;1;50.00
188.00;331667964#4_1;46.11;8.51;69.00;5.00;37571582#0_1;1.95;0.00;tripinfo_Auto_481;119.00;Auto_481;0;559.70;1.04;0.00;80.12;MotorCycle;;1;49.00
191.00;317371668#1_1;150.53;10.90;166.00;2.00;317371668#1_1;2.70;0.00;tripinfo_Bus_1249;25.00;Bus_1249;0;147.83;0.80;0.00;10.97;Auto;;0;0.00
192.00;317371668#1_1;150.53;11.04;169.00;5.00;317371668#1_1;1.95;0.00;tripinfo_Bus_1250;23.00;Bus_1250;0;148.58;0.97;0.00;11.84;MotorCycle;;0;0.00
194.00;317371668#1_1;150.53;11.84;172.00;6.00;317371668#1_1;1.95;0.00;tripinfo_Car_1264;22.00;Car_1264;0;148.58;0.95;0.00;9.99;MotorCycle;;0;0.00
196.00;317371668#1_1;150.53;12.15;174.00;7.00;317371668#1_1;1.95;0.00;tripinfo_Car_1274;22.00;Car_1274;0;148.58;0.89;0.00;9.28;MotorCycle;;0;0.00
200.00;331667964#4_1;46.11;8.58;71.00;4.00;37571582#0_1;1.95;0.00;tripinfo_Bus_503;129.00;Bus_503;0;559.70;0.96;0.00;86.50;MotorCycle;;2;54.00
203.00;331667964#4_1;46.11;8.38;75.00;7.00;37571582#0_1;2.70;0.00;tripinfo_Bus_512;128.00;Bus_512;0;558.95;1.09;0.00;90.91;Auto;;3;41.00
203.00;317371668#1_1;150.53;12.21;179.00;0.00;317371668#1_1;2.70;0.00;tripinfo_Auto_1360;24.00;Auto_1360;0;147.83;1.13;0.00;14.15;Auto;;0;0.00
204.00;331667964#4_1;46.11;8.18;78.00;8.00;37571582#0_1;2.70;0.00;tripinfo_Auto_525;126.00;Auto_525;0;558.95;1.02;0.00;86.51;Auto;;2;40.00
205.00;317371668#1_1;150.53;13.13;183.00;4.00;317371668#1_1;3.70;0.00;tripinfo_Auto_1361;22.00;Auto_1361;0;146.83;0.96;0.00;10.71;Car;;0;0.00
206.00;331667964#4_1;46.11;8.94;81.00;2.00;37571582#0_1;2.70;0.00;tripinfo_Bus_613;125.00;Bus_613;0;558.95;0.96;0.00;82.53;Auto;;2;44.00
207.00;167457326_1;304.94;12.08;69.00;9.00;317766697#1_1;2.70;0.00;tripinfo_Car_451;138.00;Car_451;0;500.26;0.89;0.00;96.58;Auto;;3;55.00
207.00;331667964#4_1;46.11;9.11;84.00;5.00;37571582#0_1;1.95;0.00;tripinfo_Bus_614;123.00;Bus_614;0;559.70;1.14;0.00;87.48;MotorCycle;;2;43.00
207.00;317371668#1_1;150.53;11.80;186.00;5.00;317371668#1_1;1.95;0.00;tripinfo_Bus_1380;21.00;Bus_1380;0;148.58;0.87;0.00;8.36;MotorCycle;;0;0.00
208.00;167457326_1;304.94;12.76;72.00;12.00;317766697#1_1;1.95;0.00;tripinfo_Car_452;136.00;Car_452;0;501.01;0.98;0.00;98.75;MotorCycle;;3;54.00
209.00;167457326_1;304.94;12.33;75.00;14.00;317766697#1_1;1.95;0.00;tripinfo_MotorCycle_460;134.00;MotorCycle_460;0;501.01;1.12;0.00;101.90;MotorCycle;;4;50.00
209.00;331667964#4_1;46.11;9.45;87.00;1.00;37571582#0_1;2.70;0.00;tripinfo_Auto_677;122.00;Auto_677;0;558.95;1.02;0.00;82.07;Auto;;2;41.00
210.00;331667964#4_1;46.11;9.32;90.00;4.00;37571582#0_1;1.95;0.00;tripinfo_Auto_678;120.00;Auto_678;0;559.70;0.99;0.00;79.21;MotorCycle;;2;40.00
211.00;167457326_1;304.94;12.79;77.00;13.00;317766697#1_1;1.95;0.00;tripinfo_MotorCycle_479;134.00;MotorCycle_479;0;501.01;0.94;0.00;94.80;MotorCycle;;3;49.00
211.00;331667964#4_1;46.11;9.39;93.00;6.00;37571582#0_1;2.70;0.00;tripinfo_Bus_689;118.00;Bus_689;0;558.95;1.22;0.00;83.06;Auto;;2;38.00
212.00;167457326_1;304.94;13.57;81.00;15.00;317766697#1_1;2.70;0.00;tripinfo_Bus_492;131.00;Bus_492;0;500.26;1.16;0.00;99.21;Auto;;3;47.00
213.00;36897741#0_1;60.96;8.71;82.00;24.00;167456697_1;2.70;0.00;tripinfo_Car_439;131.00;Car_439;0;383.46;0.93;0.00;99.75;Auto;;4;42.00
213.00;331667964#4_1;46.11;9.63;96.00;9.00;37571582#0_1;1.95;0.00;tripinfo_Bus_690;117.00;Bus_690;0;559.70;0.90;0.00;71.75;MotorCycle;;2;35.00
214.00;36897741#0_1;60.96;8.67;85.00;26.00;167456697_1;1.95;0.00;tripinfo_Bus_441;129.00;Bus_441;0;384.21;0.93;0.00;97.99;MotorCycle;;5;43.00
215.00;331667964#4_1;46.11;9.64;110.00;0.00;37571582#0_1;10.20;0.00;tripinfo_Car_850;105.00;Car_850;0;551.45;1.10;0.00;68.23;Bus;;2;21.00
216.00;173008341#6_1;117.82;15.90;3.00;0.00;330925771#2_1;3.70;0.00;tripinfo_Bus_33;213.00;Bus_33;0;1757.16;1.17;0.00;103.59;Car;;3;41.00
216.00;36897741#0_1;60.96;9.29;88.00;29.00;167456697_1;3.70;0.00;tripinfo_Bus_442;128.00;Bus_442;0;382.46;1.11;0.00;101.63;Car;;6;41.00
216.00;167457326_1;304.94;11.63;84.00;9.00;317766697#1_1;1.95;0.00;tripinfo_Auto_569;132.00;Auto_569;0;501.01;0.86;0.00;89.69;MotorCycle;;3;46.00
217.00;167457326_1;304.94;12.33;87.00;9.00;317766697#1_1;3.70;0.00;tripinfo_Bus_601;130.00;Bus_601;0;499.26;0.99;0.00;93.41;Car;;3;45.00
217.00;331667964#4_1;46.11;9.73;114.00;4.00;37571582#0_1;2.70;0.00;tripinfo_Car_851;103.00;Car_851;0;558.95;0.96;0.00;60.67;Auto;;2;20.00
217.00;317371668#1_1;150.53;10.82;192.00;8.00;317371668#1_1;10.20;0.00;tripinfo_Auto_1406;25.00;Auto_1406;0;140.33;1.02;0.00;15.09;Bus;;0;0.00
218.00;331667964#4_1;46.11;9.43;117.00;1.00;37571582#0_1;1.95;0.00;tripinfo_Bus_891;101.00;Bus_891;0;559.70;1.05;0.00;62.57;MotorCycle;;2;19.00
219.00;167457326_1;304.94;12.44;93.00;14.00;317766697#1_1;10.20;0.00;tripinfo_Car_611;126.00;Car_611;0;492.76;1.13;0.00;94.12;Bus;;3;37.00
219.00;317371668#1_1;150.53;11.32;196.00;12.00;317371668#1_1;3.70;0.00;tripinfo_Auto_1407;23.00;Auto_1407;0;146.83;1.24;0.00;14.41;Car;;0;0.00
220.00;331667964#4_1;46.11;9.94;121.00;3.00;37571582#0_1;2.70;0.00;tripinfo_Bus_911;99.00;Bus_911;0;558.95;0.93;0.00;55.03;Auto;;2;14.00
221.00;317371668#1_1;150.53;12.76;199.00;7.00;317371668#1_1;1.95;0.00;tripinfo_Auto_1464;22.00;Auto_1464;0;148.58;0.97;0.00;10.73;MotorCycle;;0;0.00
222.00;173008341#6_1;117.82;14.80;6.00;1.00;330925771#2_1;2.70;0.00;tripinfo_MotorCycle_45;216.00;MotorCycle_45;0;1758.16;1.09;0.00;97.51;Auto;;2;32.00
222.00;317371668#1_1;150.53;13.05;202.00;3.00;317371668#1_1;1.95;0.00;tripinfo_Auto_1508;20.00;Auto_1508;0;148.58;1.06;0.00;9.86;MotorCycle;;0;0.00
224.00;173008341#6_1;117.82;15.57;13.00;6.00;330925771#2_1;10.20;0.00;tripinfo_Auto_57;211.00;Auto_57;0;1750.66;1.14;0.00;99.07;Bus;;2;27.00
228.00;36897741#0_1;60.96;10.44;92.00;32.00;167456697_1;1.95;0.00;tripinfo_MotorCycle_450;136.00;MotorCycle_450;0;384.21;1.07;0.00;109.10;MotorCycle;;5;47.00
229.00;317371668#1_1;150.53;12.59;205.00;3.00;317371668#1_1;2.70;0.00;tripinfo_Auto_1527;24.00;Auto_1527;0;147.83;0.92;0.00;11.46;Auto;;0;0.00
230.00;317371668#1_1;150.53;11.69;208.00;6.00;317371668#1_1;1.95;0.00;tripinfo_Auto_1528;22.00;Auto_1528;0;148.58;0.85;0.00;9.04;MotorCycle;;0;0.00
231.00;36897741#0_1;60.96;9.78;95.00;34.00;167456697_1;2.70;0.00;tripinfo_Car_459;136.00;Car_459;0;383.46;0.77;0.00;98.17;Auto;;4;43.00
233.00;36897741#0_1;60.96;9.12;98.00;34.00;167456697_1;2.70;0.00;tripinfo_MotorCycle_477;135.00;MotorCycle_477;0;383.46;0.99;0.00;106.01;Auto;;4;41.00
235.00;36897741#0_1;60.96;9.61;102.00;38.00;167456697_1;3.70;0.00;tripinfo_MotorCycle_478;133.00;MotorCycle_478;0;382.46;0.88;0.00;99.77;Car;;5;41.00
236.00;331667964#4_1;46.11;9.17;127.00;0.00;37571582#0_1;3.70;0.00;tripinfo_Bus_976;109.00;Bus_976;0;557.95;0.85;0.00;61.33;Car;;2;19.00
237.00;173008341#6_1;117.82;12.03;16.00;5.00;330925771#2_1;1.95;0.00;tripinfo_Auto_91;221.00;Auto_91;0;1758.91;0.89;0.00;77.35;MotorCycle;;2;24.00
239.00;173008341#6_1;117.82;12.99;19.00;7.00;330925771#2_1;2.70;0.00;tripinfo_Car_98;220.00;Car_98;0;1758.16;1.12;0.00;104.92;Auto;;2;21.00
240.00;173008341#6_1;117.82;13.03;37.00;0.00;330925771#2_1;3.70;0.00;tripinfo_Car_285;203.00;Car_285;0;1757.16;1.04;0.00;78.93;Car;;2;6.00
240.00;331667964#4_1;46.11;7.55;133.00;5.00;37571582#0_1;10.20;0.00;tripinfo_MotorCycle_986;107.00;MotorCycle_986;0;551.45;1.01;0.00;67.77;Bus;;2;18.00
241.00;173008341#6_1;117.82;13.26;40.00;2.00;330925771#2_1;2.70;0.00;tripinfo_MotorCycle_297;201.00;MotorCycle_297;0;1758.16;0.98;0.00;70.71;Auto;;1;3.00
243.00;173008341#6_1;117.82;14.09;44.00;2.00;330925771#2_1;3.70;0.00;tripinfo_MotorCycle_336;199.00;MotorCycle_336;0;1757.16;1.16;0.00;88.02;Car;;2;3.00
243.00;331667964#4_1;46.11;8.88;137.00;9.00;37571582#0_1;2.70;0.00;tripinfo_MotorCycle_987;106.00;MotorCycle_987;0;558.95;1.11;0.00;69.38;Auto;;2;19.00
243.00;317371668#1_1;150.53;12.92;219.00;0.00;317371668#1_1;2.70;0.00;tripinfo_MotorCycle_1665;24.00;MotorCycle_1665;0;147.83;1.05;0.00;13.31;Auto;;0;0.00
244.00;331667964#4_1;46.11;9.25;143.00;12.00;37571582#0_1;10.20;0.00;tripinfo_Car_1005;101.00;Car_1005;0;551.45;0.90;0.00;57.00;Bus;;2;13.00
244.00;317371668#1_1;150.53;13.41;223.00;0.00;317371668#1_1;1.95;0.00;tripinfo_Auto_1695;21.00;Auto_1695;0;148.58;1.09;0.00;11.17;MotorCycle;;0;0.00
247.00;331667964#4_1;46.11;10.71;147.00;16.00;37571582#0_1;1.95;0.00;tripinfo_Car_1006;100.00;Car_1006;0;559.70;0.90;0.00;54.40;MotorCycle;;2;10.00
248.00;173008341#6_1;117.82;11.63;50.00;0.00;330925771#2_1;3.70;0.00;tripinfo_Auto_379;198.00;Auto_379;0;1757.16;0.84;0.00;45.88;Car;;0;0.00
248.00;331667964#4_1;46.11;10.58;151.00;20.00;37571582#0_1;3.70;0.00;tripinfo_Car_1007;97.00;Car_1007;0;557.95;0.78;0.00;44.97;Car;;1;8.00
249.00;173008341#6_1;117.82;12.35;53.00;2.00;330925771#2_1;1.95;0.00;tripinfo_MotorCycle_385;196.00;MotorCycle_385;0;1758.91;1.06;0.00;74.94;MotorCycle;;0;0.00
249.00;331667964#4_1;46.11;10.92;155.00;22.00;37571582#0_1;3.70;0.00;tripinfo_Auto_1024;94.00;Auto_1024;0;557.95;1.04;0.00;55.36;Car;;1;7.00
250.00;36897741#0_1;60.96;8.19;108.00;41.00;167456697_1;10.20;0.00;tripinfo_MotorCycle_501;142.00;MotorCycle_501;0;375.96;0.92;0.00;111.36;Bus;;5;44.00
251.00;173008341#6_1;117.82;12.24;61.00;0.00;330925771#2_1;2.70;0.00;tripinfo_Auto_455;190.00;Auto_455;0;1758.16;0.89;0.00;45.11;Auto;;0;0.00
251.00;331667964#4_1;46.11;11.83;158.00;11.00;37571582#0_1;2.70;0.00;tripinfo_Bus_1130;93.00;Bus_1130;0;558.95;1.01;0.00;52.49;Auto;;2;5.00
252.00;331667964#4_1;46.11;11.48;162.00;15.00;37571582#0_1;1.95;0.00;tripinfo_Bus_1131;90.00;Bus_1131;0;559.70;0.95;0.00;47.48;MotorCycle;;2;4.00
252.00;317371668#1_1;150.53;13.16;230.00;0.00;317371668#1_1;1.95;0.00;tripinfo_Auto_1747;22.00;Auto_1747;0;148.58;0.97;0.00;10.11;MotorCycle;;0;0.00
253.00;36897741#0_1;60.96;9.09;111.00;44.00;167456697_1;1.95;0.00;tripinfo_MotorCycle_502;142.00;MotorCycle_502;0;384.21;0.93;0.00;110.65;MotorCycle;;5;39.00
254.00;36897741#0_1;60.96;9.36;114.00;46.00;167456697_1;1.95;0.00;tripinfo_MotorCycle_510;140.00;MotorCycle_510;0;384.21;1.01;0.00;110.98;MotorCycle;;6;36.00
254.00;331667964#4_1;46.11;12.25;165.00;16.00;37571582#0_1;3.70;0.00;tripinfo_Auto_1146;89.00;Auto_1146;0;557.95;1.13;0.00;52.72;Car;;2;2.00
255.00;36897741#0_1;60.96;9.61;118.00;40.00;167456697_1;1.95;0.00;tripinfo_Bus_600;137.00;Bus_600;0;384.21;1.00;0.00;108.19;MotorCycle;;6;36.00
256.00;167461557#1_1;85.64;14.38;0.00;0.00;167584711#0_1;1.95;0.00;tripinfo_Auto_0;256.00;Auto_0;0;1620.61;1.06;0.00;145.73;MotorCycle;;4;84.00
257.00;167457326_1;304.94;14.04;97.00;18.00;317766697#1_1;3.70;0.00;tripinfo_Car_612;160.00;Car_612;0;499.26;1.02;0.00;124.60;Car;;4;69.00
257.00;36897741#0_1;60.96;9.69;122.00;40.00;167456697_1;3.70;0.00;tripinfo_Auto_642;135.00;Auto_642;0;382.46;1.10;0.00;108.38;Car;;5;33.00
257.00;317371668#1_1;150.53;13.35;234.00;4.00;317371668#1_1;3.70;0.00;tripinfo_Auto_1748;23.00;Auto_1748;0;146.83;1.09;0.00;12.62;Car;;0;0.00
258.00;36897741#0_1;60.96;9.52;125.00;34.00;167456697_1;1.95;0.00;tripinfo_Car_714;133.00;Car_714;0;384.21;0.99;0.00;103.75;MotorCycle;;5;28.00
259.00;167461557#1_1;85.64;12.83;3.00;3.00;167584711#0_1;3.70;0.00;tripinfo_Auto_1;256.00;Auto_1;0;1618.86;0.94;0.00;131.63;Car;;3;73.00
260.00;-324991740#4_1;235.73;14.13;1.00;0.00;36907635#0_1;1.95;0.00;tripinfo_MotorCycle_11;259.00;MotorCycle_11;0;1740.51;1.03;0.00;135.54;MotorCycle;;2;82.00
260.00;36897741#0_1;60.96;10.09;129.00;38.00;167456697_1;3.70;0.00;tripinfo_Car_715;131.00;Car_715;0;382.46;1.14;0.00;105.98;Car;;3;28.00
261.00;167457326_1;304.94;14.28;101.00;20.00;317766697#1_1;2.70;0.00;tripinfo_Auto_634;160.00;Auto_634;0;500.26;1.03;0.00;124.57;Auto;;5;64.00
261.00;317371668#1_1;150.53;12.50;238.00;7.00;317371668#1_1;3.70;0.00;tripinfo_Car_1755;23.00;Car_1755;0;146.83;0.92;0.00;11.29;Car;;0;0.00
262.00;167461557#1_1;85.64;13.44;6.00;2.00;167584711#0_1;2.70;0.00;tripinfo_Auto_36;256.00;Auto_36;0;1619.86;0.97;0.00;135.20;Auto;;3;69.00
262.00;36897741#0_1;60.96;10.54;132.00;37.00;167456697_1;1.95;0.00;tripinfo_Auto_740;130.00;Auto_740;0;384.21;0.99;0.00;100.62;MotorCycle;;4;28.00
263.00;167461557#1_1;85.64;13.74;10.00;6.00;167584711#0_1;1.95;0.00;tripinfo_Auto_37;253.00;Auto_37;0;1620.61;1.18;0.00;153.87;MotorCycle;;3;66.00
263.00;167589230#4_1;143.24;12.76;14.00;0.00;167584430#0_1;2.70;0.00;tripinfo_Bus_125;249.00;Bus_125;0;1983.54;1.15;0.00;116.43;Auto;;4;31.00
263.00;317371668#1_1;150.53;12.53;241.00;6.00;317371668#1_1;1.95;0.00;tripinfo_Auto_1801;22.00;Auto_1801;0;148.58;0.92;0.00;10.27;MotorCycle;;0;0.00
264.00;-324991740#4_1;235.73;15.02;8.00;0.00;36907635#0_1;2.70;0.00;tripinfo_Auto_60;256.00;Auto_60;0;1739.76;1.08;0.00;139.07;Auto;;3;68.00
265.00;167589230#4_1;143.24;11.98;25.00;0.00;167584430#0_1;2.70;0.00;tripinfo_Bus_213;240.00;Bus_213;0;1983.54;1.10;0.00;101.70;Auto;;3;25.00
265.00;36897741#0_1;60.96;9.61;135.00;34.00;167456697_1;2.70;0.00;tripinfo_Car_783;130.00;Car_783;0;383.46;0.88;0.00;96.97;Auto;;4;28.00
266.00;-324991740#4_1;235.73;15.51;12.00;4.00;36907635#0_1;3.70;0.00;tripinfo_Auto_61;254.00;Auto_61;0;1738.76;1.12;0.00;140.27;Car;;3;63.00
266.00;167457326_1;304.94;11.13;104.00;21.00;317766697#1_1;1.95;0.00;tripinfo_Bus_649;162.00;Bus_649;0;501.01;0.81;0.00;117.36;MotorCycle;;5;64.00
266.00;36897741#0_1;60.96;9.27;138.00;24.00;167456697_1;1.95;0.00;tripinfo_MotorCycle_881;128.00;MotorCycle_881;0;384.21;0.96;0.00;98.11;MotorCycle;;4;25.00
267.00;-324991740#4_1;235.73;14.63;15.00;1.00;36907635#0_1;1.95;0.00;tripinfo_Auto_119;252.00;Auto_119;0;1740.51;1.07;0.00;133.89;MotorCycle;;3;62.00
267.00;317371668#1_1;150.53;13.46;244.00;9.00;317371668#1_1;3.70;0.00;tripinfo_Auto_1802;23.00;Auto_1802;0;146.83;1.08;0.00;12.68;Car;;0;0.00
268.00;36897741#0_1;60.96;9.72;140.00;16.00;167456697_1;1.95;0.00;tripinfo_MotorCycle_956;128.00;MotorCycle_956;0;384.21;0.98;0.00;98.12;MotorCycle;;3;24.00
269.00;36897741#0_1;60.96;9.81;143.00;15.00;167456697_1;1.95;0.00;tripinfo_Auto_985;126.00;Auto_985;0;384.21;1.03;0.00;97.83;MotorCycle;;5;24.00
270.00;-324991740#4_1;235.73;12.98;19.00;5.00;36907635#0_1;3.70;0.00;tripinfo_Auto_120;251.00;Auto_120;0;1738.76;0.94;0.00;116.10;Car;;4;54.00
272.00;-324991740#4_1;235.73;14.68;22.00;7.00;36907635#0_1;2.70;0.00;tripinfo_Auto_131;250.00;Auto_131;0;1739.76;1.07;0.00;131.81;Auto;;4;48.00
272.00;317371668#1_1;150.53;12.47;248.00;9.00;317371668#1_1;2.70;0.00;tripinfo_Auto_1837;24.00;Auto_1837;0;147.83;0.98;0.00;12.34;Auto;;0;0.00
273.00;317371668#1_1;150.53;12.43;251.00;9.00;317371668#1_1;1.95;0.00;tripinfo_Auto_1865;22.00;Auto_1865;0;148.58;1.05;0.00;11.50;MotorCycle;;0;0.00
274.00;-324991740#4_1;235.73;14.70;25.00;7.00;36907635#0_1;2.70;0.00;tripinfo_Bus_157;249.00;Bus_157;0;1739.76;1.08;0.00;131.04;Auto;;5;57.00
274.00;167589230#4_1;143.24;9.20;29.00;4.00;167584430#0_1;3.70;0.00;tripinfo_Bus_214;245.00;Bus_214;0;1982.54;0.83;0.00;61.78;Car;;2;15.00
278.00;-36907635#0_1;285.07;11.56;1.00;0.00;324991740#4_1;2.70;0.00;tripinfo_Bus_9;277.00;Bus_9;0;1741.75;0.86;0.00;129.24;Auto;;2;84.00
279.00;167461557#1_1;85.64;14.85;14.00;1.00;167584711#0_1;3.70;0.00;tripinfo_Car_105;265.00;Car_105;0;1618.86;1.07;0.00;156.10;Car;;4;69.00
280.00;-36907635#0_1;285.07;12.95;4.00;3.00;324991740#4_1;1.95;0.00;tripinfo_Bus_10;276.00;Bus_10;0;1742.50;1.09;0.00;159.38;MotorCycle;;2;83.00
281.00;-36907635#0_1;285.07;12.27;7.00;3.00;324991740#4_1;2.70;0.00;tripinfo_MotorCycle_39;274.00;MotorCycle_39;0;1741.75;0.90;0.00;133.43;Auto;;1;78.00
281.00;317371668#1_1;150.53;10.87;257.00;1.00;317371668#1_1;10.20;0.00;tripinfo_Auto_1970;24.00;Auto_1970;0;140.33;0.91;0.00;12.63;Bus;;0;0.00
282.00;167589230#4_1;143.24;10.66;32.00;6.00;167584430#0_1;1.95;0.00;tripinfo_MotorCycle_216;250.00;MotorCycle_216;0;1984.29;0.97;0.00;92.98;MotorCycle;;3;19.00
283.00;167461557#1_1;85.64;12.66;18.00;1.00;167584711#0_1;3.70;0.00;tripinfo_Auto_142;265.00;Auto_142;0;1618.86;0.94;0.00;140.31;Car;;4;64.00
283.00;317371668#1_1;150.53;12.18;260.00;1.00;317371668#1_1;1.95;0.00;tripinfo_MotorCycle_1994;23.00;MotorCycle_1994;0;148.58;0.97;0.00;11.64;MotorCycle;;0;0.00
284.00;36897741#0_1;60.96;9.19;147.00;13.00;167456697_1;2.70;0.00;tripinfo_MotorCycle_1029;137.00;MotorCycle_1029;0;383.46;0.99;0.00;107.85;Auto;;4;30.00
286.00;36897741#0_1;60.96;9.99;151.00;6.00;167456697_1;3.70;0.00;tripinfo_Car_1117;135.00;Car_1117;0;382.46;0.96;0.00;104.62;Car;;4;28.00
288.00;36897741#0_1;60.96;9.54;154.00;4.00;167456697_1;2.70;0.00;tripinfo_MotorCycle_1152;134.00;MotorCycle_1152;0;383.46;0.85;0.00;99.81;Auto;;4;27.00
290.00;167589230#4_1;143.24;9.62;38.00;1.00;167584430#0_1;10.20;0.00;tripinfo_MotorCycle_287;252.00;MotorCycle_287;0;1976.04;0.89;0.00;81.65;Bus;;3;18.00
292.00;167461557#1_1;85.64;14.61;21.00;3.00;167584711#0_1;1.95;0.00;tripinfo_Car_154;271.00;Car_154;0;1620.61;1.06;0.00;160.76;MotorCycle;;5;70.00
292.00;167589230#4_1;143.24;10.79;41.00;4.00;167584430#0_1;1.95;0.00;tripinfo_MotorCycle_288;251.00;MotorCycle_288;0;1984.29;1.10;0.00;113.04;MotorCycle;;3;27.00
295.00;335563875#0_1;147.10;14.05;11.00;0.00;36907357#1_1;1.95;0.00;tripinfo_Auto_90;284.00;Auto_90;0;1797.73;1.02;0.00;155.02;MotorCycle;;4;87.00
296.00;167589230#4_1;143.24;8.85;43.00;2.00;167584430#0_1;1.95;0.00;tripinfo_Auto_323;253.00;Auto_323;0;1984.29;0.82;0.00;68.25;MotorCycle;;2;23.00
296.00;317371668#1_1;150.53;12.93;273.00;0.00;317371668#1_1;2.70;0.00;tripinfo_Auto_2107;23.00;Auto_2107;0;147.83;0.98;0.00;11.44;Auto;;0;0.00
297.00;335563875#0_1;147.10;14.19;14.00;0.00;36907357#1_1;3.70;0.00;tripinfo_Bus_122;283.00;Bus_122;0;1795.98;1.03;0.00;155.80;Car;;2;81.00
297.00;167589230#4_1;143.24;9.49;47.00;6.00;167584430#0_1;3.70;0.00;tripinfo_Auto_324;250.00;Auto_324;0;1982.54;0.94;0.00;87.77;Car;;1;21.00
297.00;167457326_1;304.94;10.76;107.00;20.00;317766697#1_1;1.95;0.00;tripinfo_MotorCycle_688;190.00;MotorCycle_688;0;501.01;0.79;0.00;143.47;MotorCycle;;5;86.00
298.00;167457326_1;304.94;11.35;110.00;15.00;317766697#1_1;2.70;0.00;tripinfo_Auto_741;188.00;Auto_741;0;500.26;1.10;0.00;154.76;Auto;;4;81.00
299.00;-324991740#4_1;235.73;12.30;28.00;10.00;36907635#0_1;1.95;0.00;tripinfo_Bus_158;271.00;Bus_158;0;1740.51;0.91;0.00;131.32;MotorCycle;;7;66.00
299.00;167461557#1_1;85.64;12.33;24.00;3.00;167584711#0_1;2.70;0.00;tripinfo_Car_172;275.00;Car_172;0;1619.86;0.89;0.00;143.61;Auto;;5;73.00
299.00;167589230#4_1;143.24;10.29;51.00;9.00;167584430#0_1;2.70;0.00;tripinfo_MotorCycle_338;248.00;MotorCycle_338;0;1983.54;0.96;0.00;89.67;Auto;;1;21.00
299.00;167457326_1;304.94;12.69;113.00;12.00;317766697#1_1;2.70;0.00;tripinfo_Auto_784;186.00;Auto_784;0;500.26;1.04;0.00;151.16;Auto;;4;78.00
300.00;167461557#1_1;85.64;12.60;27.00;6.00;167584711#0_1;1.95;0.00;tripinfo_Car_173;273.00;Car_173;0;1620.61;1.14;0.00;170.75;MotorCycle;;5;78.00
301.00;173008341#6_1;117.82;13.50;64.00;1.00;330925771#2_1;1.95;0.00;tripinfo_Car_467;237.00;Car_467;0;1758.91;1.00;0.00;108.96;MotorCycle;;2;59.00
302.00;-36907357#1_1;86.83;11.84;2.00;0.00;167462465_1;1.95;0.00;tripinfo_Car_23;300.00;Car_23;0;1941.52;0.89;0.00;142.86;MotorCycle;;3;96.00
302.00;167461557#1_1;85.64;13.03;30.00;5.00;167584711#0_1;2.70;0.00;tripinfo_Bus_211;272.00;Bus_211;0;1619.86;1.04;0.00;158.68;Auto;;4;69.00
303.00;173008341#6_1;117.82;15.29;83.00;6.00;330925771#2_1;1.95;0.00;tripinfo_Auto_584;220.00;Auto_584;0;1758.91;1.12;0.00;104.77;MotorCycle;;2;46.00
305.00;173008341#6_1;117.82;13.55;93.00;13.00;330925771#2_1;1.95;0.00;tripinfo_Auto_618;212.00;Auto_618;0;1758.91;1.00;0.00;83.03;MotorCycle;;2;37.00
305.00;317371668#1_1;150.53;11.21;279.00;2.00;317371668#1_1;10.20;0.00;tripinfo_Bus_2140;26.00;Bus_2140;0;140.33;0.93;0.00;14.40;Bus;;0;0.00
307.00;-36907357#1_1;86.83;10.60;9.00;6.00;167462465_1;2.70;0.00;tripinfo_MotorCycle_32;298.00;MotorCycle_32;0;1940.77;1.01;0.00;158.44;Auto;;3;89.00
307.00;173008341#6_1;117.82;13.09;74.00;0.00;330925771#2_1;1.95;0.00;tripinfo_Bus_557;233.00;Bus_557;0;1758.91;0.96;0.00;98.51;MotorCycle;;2;56.00
307.00;317371668#1_1;150.53;11.49;283.00;6.00;317371668#1_1;2.70;0.00;tripinfo_Bus_2141;24.00;Bus_2141;0;147.83;0.97;0.00;12.34;Auto;;0;0.00
308.00;-36907357#1_1;86.83;10.91;6.00;4.00;167462465_1;3.70;0.00;tripinfo_Car_24;302.00;Car_24;0;1939.77;0.83;0.00;132.50;Car;;3;81.00
308.00;173008341#6_1;117.82;13.56;77.00;1.00;330925771#2_1;2.70;0.00;tripinfo_Auto_572;231.00;Auto_572;0;1758.16;1.06;0.00;110.33;Auto;;2;51.00
308.00;317371668#1_1;150.53;11.81;286.00;0.00;317371668#1_1;1.95;0.00;tripinfo_Bus_2209;22.00;Bus_2209;0;148.58;0.94;0.00;10.47;MotorCycle;;0;0.00
309.00;173008341#6_1;117.82;13.34;80.00;3.00;330925771#2_1;2.70;0.00;tripinfo_Auto_583;229.00;Auto_583;0;1758.16;1.07;0.00;109.71;Auto;;2;51.00
309.00;331667964#4_1;46.11;9.13;169.00;19.00;37571582#0_1;1.95;0.00;tripinfo_Auto_1157;140.00;Auto_1157;0;559.70;1.06;0.00;101.34;MotorCycle;;2;37.00
310.00;173008341#6_1;117.82;13.51;86.00;8.00;330925771#2_1;2.70;0.00;tripinfo_Car_595;224.00;Car_595;0;1758.16;1.12;0.00;109.24;Auto;;2;46.00
312.00;173008341#6_1;117.82;13.90;90.00;10.00;330925771#2_1;2.70;0.00;tripinfo_Auto_617;222.00;Auto_617;0;1758.16;1.11;0.00;105.78;Auto;;2;44.00
313.00;335563875#0_1;147.10;13.01;18.00;3.00;36907357#1_1;2.70;0.00;tripinfo_MotorCycle_132;295.00;MotorCycle_132;0;1796.98;0.96;0.00;158.32;Auto;;6;50.00
314.00;335563875#0_1;147.10;14.18;23.00;5.00;36907357#1_1;3.70;0.00;tripinfo_MotorCycle_159;291.00;MotorCycle_159;0;1795.98;1.14;0.00;176.09;Car;;5;45.00
314.00;173008341#6_1;117.82;13.56;96.00;11.00;330925771#2_1;1.95;0.00;tripinfo_Auto_669;218.00;Auto_669;0;1758.91;1.00;0.00;89.28;MotorCycle;;2;39.00
315.00;331667964#4_1;46.11;11.80;172.00;1.00;37571582#0_1;2.70;0.00;tripinfo_Auto_1303;143.00;Auto_1303;0;558.95;0.86;0.00;95.56;Auto;;3;37.00
316.00;244327260#6_0;209.72;11.95;1.00;0.00;244329796#13_1;2.70;0.00;tripinfo_Bus_16;315.00;Bus_16;0;1539.02;0.88;0.00;188.53;Auto;;3;127.00
316.00;173008341#6_1;117.82;13.54;99.00;10.00;330925771#2_1;2.70;0.00;tripinfo_MotorCycle_697;217.00;MotorCycle_697;0;1758.16;0.98;0.00;86.54;Auto;;2;32.00
316.00;331667964#4_1;46.11;11.84;176.00;5.00;37571582#0_1;3.70;0.00;tripinfo_Auto_1304;140.00;Auto_1304;0;557.95;0.88;0.00;94.33;Car;;3;36.00
317.00;244327260#6_0;209.72;13.12;5.00;2.00;244329796#13_1;3.70;0.00;tripinfo_Car_35;312.00;Car_35;0;1538.02;1.02;0.00;203.29;Car;;3;125.00
317.00;317371668#1_1;150.53;11.39;292.00;4.00;317371668#1_1;10.20;0.00;tripinfo_Car_2223;25.00;Car_2223;0;140.33;1.00;0.00;14.39;Bus;;0;0.00
318.00;173008341#6_1;117.82;14.48;105.00;9.00;330925771#2_1;10.20;0.00;tripinfo_MotorCycle_745;213.00;MotorCycle_745;0;1750.66;1.05;0.00;91.52;Bus;;2;20.00
318.00;331667964#4_1;46.11;12.75;179.00;3.00;37571582#0_1;1.95;0.00;tripinfo_Bus_1338;139.00;Bus_1338;0;559.70;1.01;0.00;98.84;MotorCycle;;3;34.00
319.00;244327260#6_0;209.72;12.11;8.00;2.00;244329796#13_1;1.95;0.00;tripinfo_MotorCycle_56;311.00;MotorCycle_56;0;1539.77;0.90;0.00;187.38;MotorCycle;;3;123.00
322.00;173008341#6_1;117.82;13.19;109.00;13.00;330925771#2_1;2.70;0.00;tripinfo_MotorCycle_746;213.00;MotorCycle_746;0;1758.16;0.95;0.00;77.43;Auto;;2;16.00
323.00;173008341#6_1;117.82;13.57;112.00;15.00;330925771#2_1;1.95;0.00;tripinfo_Auto_747;211.00;Auto_747;0;1758.91;0.98;0.00;79.64;MotorCycle;;3;25.00
324.00;317371668#1_1;150.53;11.10;299.00;8.00;317371668#1_1;10.20;0.00;tripinfo_Car_2241;25.00;Car_2241;0;140.33;0.89;0.00;12.74;Bus;;0;0.00
325.00;167584712_1;145.02;15.24;6.00;3.00;-358333263#1_1;1.95;0.00;tripinfo_MotorCycle_31;319.00;MotorCycle_31;0;2004.91;1.15;0.00;194.28;MotorCycle;;3;126.00
326.00;167457326_1;304.94;10.19;116.00;15.00;317766697#1_1;1.95;0.00;tripinfo_Auto_785;210.00;Auto_785;0;501.01;0.75;0.00;161.01;MotorCycle;;5;95.00
326.00;317371668#1_1;150.53;11.67;302.00;5.00;317371668#1_1;2.70;0.00;tripinfo_Auto_2283;24.00;Auto_2283;0;147.83;1.03;0.00;12.87;Auto;;1;1.00
327.00;167457326_1;304.94;10.92;120.00;19.00;317766697#1_1;3.70;0.00;tripinfo_Auto_786;207.00;Auto_786;0;499.26;1.03;0.00;171.73;Car;;4;90.00
329.00;167584712_1;145.02;13.81;3.00;0.00;-358333263#1_1;2.70;0.00;tripinfo_MotorCycle_30;326.00;MotorCycle_30;0;2004.16;1.18;0.00;199.93;Auto;;2;122.00
329.00;167457326_1;304.94;11.64;123.00;17.00;317766697#1_1;1.95;0.00;tripinfo_MotorCycle_824;206.00;MotorCycle_824;0;501.01;1.06;0.00;171.39;MotorCycle;;4;87.00
329.00;317371668#1_1;150.53;12.93;307.00;10.00;317371668#1_1;3.70;0.00;tripinfo_Auto_2284;22.00;Auto_2284;0;146.83;1.06;0.00;11.81;Car;;0;0.00
330.00;167457326_1;304.94;11.00;126.00;19.00;317766697#1_1;2.70;0.00;tripinfo_Auto_830;204.00;Auto_830;0;500.26;0.99;0.00;167.34;Auto;;4;88.00
331.00;167584712_1;145.02;14.06;27.00;3.00;-358333263#1_1;1.95;0.00;tripinfo_Auto_202;304.00;Auto_202;0;2004.91;1.04;0.00;165.52;MotorCycle;;3;98.00
332.00;167457326_1;304.94;11.76;129.00;22.00;317766697#1_1;1.95;0.00;tripinfo_Auto_831;203.00;Auto_831;0;501.01;1.00;0.00;166.21;MotorCycle;;4;85.00
334.00;167457326_1;304.94;10.30;132.00;19.00;317766697#1_1;1.95;0.00;tripinfo_Auto_867;202.00;Auto_867;0;501.01;0.75;0.00;153.91;MotorCycle;;4;87.00
334.00;317371668#1_1;150.53;11.78;310.00;12.00;317371668#1_1;2.70;0.00;tripinfo_Auto_2293;24.00;Auto_2293;0;147.83;0.96;0.00;12.90;Auto;;0;0.00
336.00;167457326_1;304.94;11.45;135.00;21.00;317766697#1_1;2.70;0.00;tripinfo_Bus_882;201.00;Bus_882;0;500.26;1.27;0.00;169.06;Auto;;5;86.00
336.00;317371668#1_1;150.53;12.88;314.00;16.00;317371668#1_1;3.70;0.00;tripinfo_Auto_2294;22.00;Auto_2294;0;146.83;1.05;0.00;11.91;Car;;0;0.00
337.00;167457326_1;304.94;11.26;139.00;24.00;317766697#1_1;2.70;0.00;tripinfo_Car_884;198.00;Car_884;0;500.26;1.01;0.00;161.87;Auto;;5;85.00
338.00;167457326_1;304.94;11.14;142.00;27.00;317766697#1_1;1.95;0.00;tripinfo_Car_885;196.00;Car_885;0;501.01;1.14;0.00;164.48;MotorCycle;;4;83.00
338.00;317371668#1_1;150.53;13.32;317.00;7.00;317371668#1_1;1.95;0.00;tripinfo_Auto_2386;21.00;Auto_2386;0;148.58;1.06;0.00;10.54;MotorCycle;;0;0.00
340.00;167457326_1;304.94;11.41;145.00;26.00;317766697#1_1;2.70;0.00;tripinfo_MotorCycle_919;195.00;MotorCycle_919;0;500.26;0.97;0.00;157.25;Auto;;5;83.00
341.00;167457326_1;304.94;11.61;149.00;30.00;317766697#1_1;3.70;0.00;tripinfo_MotorCycle_920;192.00;MotorCycle_920;0;499.26;0.99;0.00;155.18;Car;;4;80.00
342.00;167457326_1;304.94;11.45;154.00;34.00;317766697#1_1;3.70;0.00;tripinfo_Car_929;188.00;Car_929;0;499.26;0.96;0.00;150.66;Car;;4;81.00
343.00;167461557#1_1;85.64;14.70;33.00;5.00;167584711#0_1;1.95;0.00;tripinfo_MotorCycle_223;310.00;MotorCycle_223;0;1620.61;1.06;0.00;199.50;MotorCycle;;5;116.00
344.00;-167186112#2_1;110.93;12.30;1.00;0.00;-167589230#4_1;1.95;0.00;tripinfo_MotorCycle_12;343.00;MotorCycle_12;0;1495.63;1.05;0.00;230.32;MotorCycle;;3;169.00
344.00;167461557#1_1;85.64;15.08;36.00;6.00;167584711#0_1;1.95;0.00;tripinfo_MotorCycle_238;308.00;MotorCycle_238;0;1620.61;1.10;0.00;200.82;MotorCycle;;5;113.00
344.00;167457326_1;304.94;12.21;156.00;33.00;317766697#1_1;1.95;0.00;tripinfo_Auto_945;188.00;Auto_945;0;501.01;1.09;0.00;154.58;MotorCycle;;6;83.00
345.00;-167186112#2_1;110.93;12.92;4.00;1.00;-167589230#4_1;1.95;0.00;tripinfo_Bus_34;341.00;Bus_34;0;1495.63;0.99;0.00;222.55;MotorCycle;;3;163.00
345.00;167457326_1;304.94;12.11;160.00;37.00;317766697#1_1;3.70;0.00;tripinfo_Auto_946;185.00;Auto_946;0;499.26;1.08;0.00;151.49;Car;;4;77.00
346.00;-37555829#0_1;633.17;15.46;2.00;0.00;166751738#1_1;2.70;0.00;tripinfo_Bus_28;344.00;Bus_28;0;1638.77;1.13;0.00;236.93;Auto;;3;163.00
346.00;-167186112#2_1;110.93;12.60;8.00;0.00;-167589230#4_1;1.95;0.00;tripinfo_Auto_63;338.00;Auto_63;0;1495.63;0.99;0.00;218.83;MotorCycle;;3;159.00
347.00;167457326_1;304.94;12.37;164.00;39.00;317766697#1_1;2.70;0.00;tripinfo_Car_966;183.00;Car_966;0;500.26;1.09;0.00;149.32;Auto;;5;75.00
348.00;167457326_1;304.94;12.48;167.00;38.00;317766697#1_1;1.95;0.00;tripinfo_Bus_992;181.00;Bus_992;0;501.01;0.90;0.00;140.97;MotorCycle;;4;76.00
350.00;167457326_1;304.94;12.47;173.00;42.00;317766697#1_1;10.20;0.00;tripinfo_Auto_1003;177.00;Auto_1003;0;492.76;0.99;0.00;140.58;Bus;;5;70.00
351.00;244327260#6_0;209.72;13.58;17.00;8.00;244329796#13_1;2.70;0.00;tripinfo_Bus_75;334.00;Bus_75;0;1539.02;0.98;0.00;220.98;Auto;;4;141.00
351.00;317371668#1_1;150.53;12.97;330.00;0.00;317371668#1_1;1.95;0.00;tripinfo_Auto_2519;21.00;Auto_2519;0;148.58;0.96;0.00;9.37;MotorCycle;;0;0.00
352.00;-36907635#0_1;285.07;14.29;11.00;7.00;324991740#4_1;3.70;0.00;tripinfo_MotorCycle_40;341.00;MotorCycle_40;0;1740.75;1.03;0.00;217.85;Car;;2;150.00
353.00;244327260#6_0;209.72;14.11;20.00;11.00;244329796#13_1;1.95;0.00;tripinfo_Bus_76;333.00;Bus_76;0;1539.77;1.03;0.00;224.76;MotorCycle;;4;135.00
354.00;244327260#6_0;209.72;13.62;24.00;15.00;244329796#13_1;3.70;0.00;tripinfo_Bus_77;330.00;Bus_77;0;1538.02;0.98;0.00;216.64;Car;;4;133.00
355.00;-37555829#0_1;633.17;12.70;5.00;3.00;166751738#1_1;1.95;0.00;tripinfo_Bus_29;350.00;Bus_29;0;1639.52;0.93;0.00;219.03;MotorCycle;;2;160.00
356.00;-166800604#5_1;282.77;15.98;2.00;0.00;-167456093_1;1.95;0.00;tripinfo_MotorCycle_19;354.00;MotorCycle_19;0;3005.86;1.16;0.00;164.88;MotorCycle;;4;86.00
356.00;244327260#6_0;209.72;12.51;26.00;15.00;244329796#13_1;1.95;0.00;tripinfo_MotorCycle_93;330.00;MotorCycle_93;0;1539.77;0.92;0.00;208.99;MotorCycle;;5;128.00
356.00;317371668#1_1;150.53;12.42;333.00;3.00;317371668#1_1;3.70;0.00;tripinfo_Auto_2520;23.00;Auto_2520;0;146.83;0.91;0.00;10.71;Car;;1;1.00
357.00;-166800604#5_1;282.77;14.91;19.00;5.00;-167456093_1;1.95;0.00;tripinfo_MotorCycle_112;338.00;MotorCycle_112;0;3005.86;1.10;0.00;138.92;MotorCycle;;3;36.00
358.00;-37555829#0_1;633.17;12.05;8.00;3.00;166751738#1_1;1.95;0.00;tripinfo_Bus_48;350.00;Bus_48;0;1639.52;0.88;0.00;212.00;MotorCycle;;2;156.00
360.00;-37555829#0_1;633.17;12.60;11.00;3.00;166751738#1_1;2.70;0.00;tripinfo_Auto_64;349.00;Auto_64;0;1638.77;0.94;0.00;219.04;Auto;;2;150.00
361.00;317371668#1_1;150.53;12.38;337.00;1.00;317371668#1_1;2.70;0.00;tripinfo_MotorCycle_2563;24.00;MotorCycle_2563;0;147.83;1.02;0.00;12.87;Auto;;0;0.00
362.00;-37555829#0_1;633.17;11.92;14.00;6.00;166751738#1_1;1.95;0.00;tripinfo_Auto_65;348.00;Auto_65;0;1639.52;0.88;0.00;210.01;MotorCycle;;2;149.00
362.00;-166800604#5_1;282.77;13.96;13.00;1.00;-167456093_1;2.70;0.00;tripinfo_Bus_96;349.00;Bus_96;0;3005.11;1.01;0.00;133.00;Auto;;3;38.00
362.00;335563875#0_1;147.10;13.24;26.00;5.00;36907357#1_1;2.70;0.00;tripinfo_Auto_176;336.00;Auto_176;0;1796.98;1.09;0.00;215.79;Auto;;6;74.00
362.00;317371668#1_1;150.53;12.41;340.00;4.00;317371668#1_1;1.95;0.00;tripinfo_MotorCycle_2564;22.00;MotorCycle_2564;0;148.58;1.02;0.00;11.38;MotorCycle;;0;0.00
363.00;-166800604#5_1;282.77;14.87;6.00;0.00;-167456093_1;2.70;0.00;tripinfo_Car_53;357.00;Car_53;0;3005.11;1.10;0.00;157.94;Auto;;4;52.00
363.00;-37555829#0_1;633.17;12.60;17.00;8.00;166751738#1_1;3.70;0.00;tripinfo_MotorCycle_72;346.00;MotorCycle_72;0;1637.77;0.94;0.00;216.80;Car;;2;144.00
363.00;36897741#0_1;60.96;10.62;157.00;7.00;167456697_1;1.95;0.00;tripinfo_MotorCycle_1153;206.00;MotorCycle_1153;0;384.21;1.22;0.00;182.41;MotorCycle;;5;97.00
364.00;335563875#0_1;147.10;13.27;29.00;8.00;36907357#1_1;1.95;0.00;tripinfo_Auto_177;335.00;Auto_177;0;1797.73;1.03;0.00;207.50;MotorCycle;;7;72.00
365.00;-37555829#0_1;633.17;12.64;24.00;12.00;166751738#1_1;10.20;0.00;tripinfo_Auto_99;341.00;Auto_99;0;1631.27;1.10;0.00;230.65;Bus;;2;139.00
365.00;335563875#0_1;147.10;13.21;33.00;8.00;36907357#1_1;2.70;0.00;tripinfo_Car_212;332.00;Car_212;0;1796.98;1.00;0.00;201.77;Auto;;7;67.00
365.00;36897741#0_1;60.96;9.50;160.00;10.00;167456697_1;3.70;0.00;tripinfo_MotorCycle_1154;205.00;MotorCycle_1154;0;382.46;1.07;0.00;178.20;Car;;5;96.00
366.00;167457326_1;304.94;13.20;176.00;45.00;317766697#1_1;1.95;0.00;tripinfo_Auto_1004;190.00;Auto_1004;0;501.01;0.96;0.00;151.31;MotorCycle;;6;77.00
366.00;317371668#1_1;150.53;12.68;343.00;4.00;317371668#1_1;3.70;0.00;tripinfo_Car_2590;23.00;Car_2590;0;146.83;0.94;0.00;11.59;Car;;0;0.00
367.00;-37555829#0_1;633.17;13.42;28.00;5.00;166751738#1_1;2.70;0.00;tripinfo_MotorCycle_198;339.00;MotorCycle_198;0;1638.77;1.06;0.00;224.73;Auto;;2;137.00
368.00;-37555829#0_1;633.17;13.20;35.00;11.00;166751738#1_1;10.20;0.00;tripinfo_Auto_208;333.00;Auto_208;0;1631.27;0.96;0.00;207.27;Bus;;3;123.00
368.00;167457326_1;304.94;12.78;179.00;46.00;317766697#1_1;1.95;0.00;tripinfo_Car_1023;189.00;Car_1023;0;501.01;0.92;0.00;149.59;MotorCycle;;6;78.00
368.00;36897741#0_1;60.96;9.50;164.00;13.00;167456697_1;2.70;0.00;tripinfo_Car_1163;204.00;Car_1163;0;383.46;0.96;0.00;174.14;Auto;;4;94.00
369.00;173008341#6_1;117.82;13.57;115.00;13.00;330925771#2_1;2.70;0.00;tripinfo_Bus_792;254.00;Bus_792;0;1758.16;0.99;0.00;124.12;Auto;;4;54.00
370.00;-37555829#0_1;633.17;14.12;38.00;11.00;166751738#1_1;1.95;0.00;tripinfo_Auto_221;332.00;Auto_221;0;1639.52;1.15;0.00;226.23;MotorCycle;;3;122.00
370.00;167457326_1;304.94;12.87;182.00;46.00;317766697#1_1;3.70;0.00;tripinfo_Bus_1049;188.00;Bus_1049;0;499.26;0.95;0.00;149.17;Car;;7;73.00
370.00;317371668#1_1;150.53;12.85;346.00;5.00;317371668#1_1;2.70;0.00;tripinfo_Bus_2610;24.00;Bus_2610;0;147.83;1.04;0.00;13.18;Auto;;1;1.00
371.00;-37555829#0_1;633.17;13.85;42.00;14.00;166751738#1_1;2.70;0.00;tripinfo_Auto_227;329.00;Auto_227;0;1638.77;1.11;0.00;219.93;Auto;;3;118.00
371.00;317371668#1_1;150.53;12.34;350.00;9.00;317371668#1_1;1.95;0.00;tripinfo_Bus_2611;21.00;Bus_2611;0;148.58;0.90;0.00;9.13;MotorCycle;;0;0.00
373.00;-37555829#0_1;633.17;12.46;46.00;17.00;166751738#1_1;2.70;0.00;tripinfo_Auto_234;327.00;Auto_234;0;1638.77;0.91;0.00;193.75;Auto;;3;115.00
374.00;-37555829#0_1;633.17;12.97;49.00;20.00;166751738#1_1;1.95;0.00;tripinfo_Auto_235;325.00;Auto_235;0;1639.52;0.96;0.00;199.04;MotorCycle;;3;114.00
375.00;-36907635#0_1;285.07;14.17;18.00;10.00;324991740#4_1;10.20;0.00;tripinfo_Bus_58;357.00;Bus_58;0;1734.25;1.02;0.00;233.91;Bus;;3;152.00
375.00;173008341#6_1;117.82;12.88;121.00;18.00;330925771#2_1;10.20;0.00;tripinfo_MotorCycle_798;254.00;MotorCycle_798;0;1750.66;0.95;0.00;118.93;Bus;;3;46.00
376.00;-37555829#0_1;633.17;13.68;53.00;24.00;166751738#1_1;3.70;0.00;tripinfo_Auto_236;323.00;Auto_236;0;1637.77;1.04;0.00;206.39;Car;;3;112.00
377.00;-37555829#0_1;633.17;13.42;56.00;21.00;166751738#1_1;2.70;0.00;tripinfo_Bus_272;321.00;Bus_272;0;1638.77;1.05;0.00;206.00;Auto;;2;108.00
377.00;317371668#1_1;150.53;13.88;356.00;0.00;317371668#1_1;1.95;0.00;tripinfo_Auto_2714;21.00;Auto_2714;0;148.58;1.02;0.00;9.97;MotorCycle;;0;0.00
379.00;-36907635#0_1;285.07;13.10;21.00;13.00;324991740#4_1;1.95;0.00;tripinfo_Bus_59;358.00;Bus_59;0;1742.50;0.97;0.00;226.41;MotorCycle;;3;153.00
379.00;-37555829#0_1;633.17;13.28;59.00;24.00;166751738#1_1;1.95;0.00;tripinfo_Bus_273;320.00;Bus_273;0;1639.52;0.98;0.00;196.23;MotorCycle;;3;110.00
380.00;-37555829#0_1;633.17;13.13;62.00;25.00;166751738#1_1;2.70;0.00;tripinfo_Car_290;318.00;Car_290;0;1638.77;0.97;0.00;192.40;Auto;;3;103.00
381.00;-330925771#2_1;98.00;12.73;0.00;0.00;172932752#4_1;1.95;0.00;tripinfo_Car_2;381.00;Car_2;0;1945.35;1.01;0.00;238.92;MotorCycle;;8;111.00
382.00;-37555829#0_1;633.17;13.34;65.00;28.00;166751738#1_1;1.95;0.00;tripinfo_Car_291;317.00;Car_291;0;1639.52;0.97;0.00;190.91;MotorCycle;;3;102.00
382.00;36897741#0_1;60.96;10.91;167.00;16.00;167456697_1;1.95;0.00;tripinfo_Car_1164;215.00;Car_1164;0;384.21;0.89;0.00;182.48;MotorCycle;;5;101.00
383.00;-37555829#0_1;633.17;14.11;68.00;29.00;166751738#1_1;1.95;0.00;tripinfo_MotorCycle_306;315.00;MotorCycle_306;0;1639.52;1.06;0.00;200.15;MotorCycle;;3;101.00
384.00;167584712_1;145.02;12.14;19.00;0.00;-358333263#1_1;10.20;0.00;tripinfo_MotorCycle_164;365.00;MotorCycle_164;0;1996.66;1.05;0.00;229.39;Bus;;4;139.00
384.00;-37555829#0_1;633.17;13.66;72.00;33.00;166751738#1_1;3.70;0.00;tripinfo_MotorCycle_307;312.00;MotorCycle_307;0;1637.77;0.99;0.00;189.42;Car;;5;99.00
384.00;167589230#4_1;143.24;9.42;54.00;0.00;167584430#0_1;1.95;0.00;tripinfo_Auto_407;330.00;Auto_407;0;1984.29;0.86;0.00;153.08;MotorCycle;;2;103.00
384.00;317371668#1_1;150.53;12.38;361.00;0.00;317371668#1_1;2.70;0.00;tripinfo_MotorCycle_2744;23.00;MotorCycle_2744;0;147.83;0.99;0.00;12.06;Auto;;0;0.00
385.00;-36907357#1_1;86.83;10.54;13.00;5.00;167462465_1;2.70;0.00;tripinfo_Car_62;372.00;Car_62;0;1940.77;1.02;0.00;234.26;Auto;;5;138.00
385.00;-37555829#0_1;633.17;13.95;75.00;21.00;166751738#1_1;2.70;0.00;tripinfo_Bus_410;310.00;Bus_410;0;1638.77;1.10;0.00;200.33;Auto;;4;98.00
385.00;36897741#0_1;60.96;9.31;170.00;15.00;167456697_1;2.70;0.00;tripinfo_Auto_1187;215.00;Auto_1187;0;383.46;0.93;0.00;183.75;Auto;;5;98.00
386.00;167584712_1;145.02;12.56;22.00;3.00;-358333263#1_1;1.95;0.00;tripinfo_MotorCycle_165;364.00;MotorCycle_165;0;2004.91;0.91;0.00;209.57;MotorCycle;;3;132.00
386.00;167589230#4_1;143.24;10.38;57.00;3.00;167584430#0_1;3.70;0.00;tripinfo_Auto_408;329.00;Auto_408;0;1982.54;1.01;0.00;178.44;Car;;3;102.00
387.00;-36907357#1_1;86.83;10.89;17.00;4.00;167462465_1;2.70;0.00;tripinfo_Car_106;370.00;Car_106;0;1940.77;1.01;0.00;231.89;Auto;;5;135.00
387.00;167584712_1;145.02;13.12;24.00;3.00;-358333263#1_1;1.95;0.00;tripinfo_MotorCycle_174;363.00;MotorCycle_174;0;2004.91;0.96;0.00;215.01;MotorCycle;;3;130.00
387.00;167589230#4_1;143.24;10.11;70.00;0.00;167584430#0_1;2.70;0.00;tripinfo_Auto_523;317.00;Auto_523;0;1983.54;0.98;0.00;160.88;Auto;;2;99.00
388.00;-37555829#0_1;633.17;12.79;81.00;26.00;166751738#1_1;10.20;0.00;tripinfo_MotorCycle_418;307.00;MotorCycle_418;0;1631.27;0.92;0.00;176.16;Bus;;4;100.00
388.00;36897741#0_1;60.96;8.80;176.00;18.00;167456697_1;10.20;0.00;tripinfo_Bus_1210;212.00;Bus_1210;0;375.96;1.09;0.00;185.83;Bus;;4;96.00
389.00;-36907357#1_1;86.83;10.85;20.00;6.00;167462465_1;2.70;0.00;tripinfo_Auto_121;369.00;Auto_121;0;1940.77;1.10;0.00;241.85;Auto;;5;133.00
389.00;-37555829#0_1;633.17;13.40;85.00;30.00;166751738#1_1;3.70;0.00;tripinfo_MotorCycle_419;304.00;MotorCycle_419;0;1637.77;1.03;0.00;187.21;Car;;6;99.00
391.00;-37555829#0_1;633.17;14.13;89.00;29.00;166751738#1_1;2.70;0.00;tripinfo_Auto_447;302.00;Auto_447;0;1638.77;1.20;0.00;196.74;Auto;;6;93.00
392.00;-37555829#0_1;633.17;14.37;92.00;25.00;166751738#1_1;1.95;0.00;tripinfo_MotorCycle_500;300.00;MotorCycle_500;0;1639.52;1.07;0.00;186.71;MotorCycle;;5;89.00
402.00;317371668#1_1;150.53;12.51;379.00;0.00;317371668#1_1;2.70;0.00;tripinfo_Auto_2882;23.00;Auto_2882;0;147.83;1.01;0.00;12.23;Auto;;0;0.00
403.00;244327260#6_0;209.72;15.03;30.00;19.00;244329796#13_1;3.70;0.00;tripinfo_MotorCycle_94;373.00;MotorCycle_94;0;1538.02;1.09;0.00;271.02;Car;;6;166.00
404.00;173008341#6_1;117.82;12.51;124.00;21.00;330925771#2_1;1.95;0.00;tripinfo_MotorCycle_799;280.00;MotorCycle_799;0;1758.91;0.93;0.00;141.95;MotorCycle;;4;75.00
405.00;317371668#1_1;150.53;12.52;383.00;4.00;317371668#1_1;3.70;0.00;tripinfo_Auto_2883;22.00;Auto_2883;0;146.83;0.91;0.00;10.17;Car;;0;0.00
406.00;173008341#6_1;117.82;13.84;126.00;15.00;330925771#2_1;1.95;0.00;tripinfo_Car_855;280.00;Car_855;0;1758.91;1.03;0.00;155.58;MotorCycle;;4;73.00
407.00;244327260#6_0;209.72;13.18;33.00;21.00;244329796#13_1;2.70;0.00;tripinfo_MotorCycle_102;374.00;MotorCycle_102;0;1539.02;0.97;0.00;258.96;Auto;;6;157.00
407.00;173008341#6_1;117.82;13.75;129.00;16.00;330925771#2_1;1.95;0.00;tripinfo_MotorCycle_863;278.00;MotorCycle_863;0;1758.91;0.99;0.00;148.69;MotorCycle;;4;70.00
408.00;173008341#6_1;117.82;13.58;133.00;20.00;330925771#2_1;3.70;0.00;tripinfo_MotorCycle_864;275.00;MotorCycle_864;0;1757.16;1.17;0.00;165.21;Car;;4;68.00
409.00;244327260#6_0;209.72;14.14;37.00;24.00;244329796#13_1;1.95;0.00;tripinfo_MotorCycle_108;372.00;MotorCycle_108;0;1539.77;1.06;0.00;266.97;MotorCycle;;5;154.00
414.00;317371668#1_1;150.53;11.35;389.00;9.00;317371668#1_1;10.20;0.00;tripinfo_Bus_2886;25.00;Bus_2886;0;140.33;1.06;0.00;15.02;Bus;;0;0.00
417.00;317371668#1_1;150.53;12.78;393.00;13.00;317371668#1_1;2.70;0.00;tripinfo_Bus_2887;24.00;Bus_2887;0;147.83;1.02;0.00;12.75;Auto;;0;0.00
418.00;317371668#1_1;150.53;11.66;396.00;16.00;317371668#1_1;1.95;0.00;tripinfo_Bus_2888;22.00;Bus_2888;0;148.58;0.84;0.00;9.09;MotorCycle;;0;0.00
421.00;317371668#1_1;150.53;11.63;399.00;19.00;317371668#1_1;3.70;0.00;tripinfo_Bus_2889;22.00;Bus_2889;0;146.83;0.84;0.00;9.46;Car;;0;0.00
423.00;-330925771#2_1;98.00;11.59;14.00;0.00;172932752#4_1;2.70;0.00;tripinfo_Bus_123;409.00;Bus_123;0;1944.60;1.02;0.00;269.11;Auto;;8;136.00
423.00;317371668#1_1;150.53;12.95;402.00;11.00;317371668#1_1;1.95;0.00;tripinfo_Auto_2984;21.00;Auto_2984;0;148.58;0.95;0.00;9.29;MotorCycle;;0;0.00
424.00;-330925771#2_1;98.00;11.55;17.00;3.00;172932752#4_1;1.95;0.00;tripinfo_Bus_124;407.00;Bus_124;0;1945.35;1.06;0.00;272.09;MotorCycle;;7;131.00
425.00;167457326_1;304.94;12.49;189.00;44.00;317766697#1_1;10.20;0.00;tripinfo_MotorCycle_1118;236.00;MotorCycle_1118;0;492.76;0.91;0.00;196.46;Bus;;9;108.00
426.00;-330925771#2_1;98.00;11.93;20.00;5.00;172932752#4_1;3.70;0.00;tripinfo_MotorCycle_133;406.00;MotorCycle_133;0;1943.60;1.04;0.00;268.75;Car;;7;133.00
427.00;167457326_1;304.94;13.85;192.00;42.00;317766697#1_1;1.95;0.00;tripinfo_Car_1155;235.00;Car_1155;0;501.01;1.06;0.00;200.19;MotorCycle;;9;106.00
427.00;317371668#1_1;150.53;13.87;405.00;12.00;317371668#1_1;3.70;0.00;tripinfo_Auto_2998;22.00;Auto_2998;0;146.83;1.07;0.00;11.60;Car;;0;0.00
428.00;-330925771#2_1;98.00;10.99;23.00;0.00;172932752#4_1;2.70;0.00;tripinfo_Car_194;405.00;Car_194;0;1944.60;1.00;0.00;262.06;Auto;;7;129.00
428.00;173008341#6_1;117.82;13.97;137.00;23.00;330925771#2_1;3.70;0.00;tripinfo_Car_871;291.00;Car_871;0;1757.16;1.01;0.00;163.57;Car;;6;82.00
428.00;167457326_1;304.94;13.45;196.00;46.00;317766697#1_1;3.70;0.00;tripinfo_Car_1156;232.00;Car_1156;0;499.26;0.97;0.00;194.60;Car;;8;103.00
429.00;167457326_1;304.94;13.54;199.00;46.00;317766697#1_1;2.70;0.00;tripinfo_Auto_1175;230.00;Auto_1175;0;500.26;1.10;0.00;197.22;Auto;;5;98.00
429.00;317371668#1_1;150.53;13.08;408.00;13.00;317371668#1_1;1.95;0.00;tripinfo_Auto_3020;21.00;Auto_3020;0;148.58;0.95;0.00;9.62;MotorCycle;;0;0.00
430.00;-36907357#1_1;86.83;11.32;38.00;4.00;167462465_1;3.70;0.00;tripinfo_Bus_261;392.00;Bus_261;0;1939.77;1.13;0.00;268.29;Car;;6;163.00
431.00;-166751738#1_1;130.81;12.65;0.00;0.00;37555829#0_1;2.70;0.00;tripinfo_Car_3;431.00;Car_3;0;1639.90;1.08;0.00;320.05;Auto;;3;241.00
431.00;167457326_1;304.94;14.06;202.00;45.00;317766697#1_1;2.70;0.00;tripinfo_Auto_1200;229.00;Auto_1200;0;500.26;1.14;0.00;196.59;Auto;;7;100.00
432.00;-36907357#1_1;86.83;11.01;24.00;2.00;167462465_1;1.95;0.00;tripinfo_MotorCycle_183;408.00;MotorCycle_183;0;1941.52;1.08;0.00;278.33;MotorCycle;;6;170.00
432.00;167457326_1;304.94;13.65;205.00;48.00;317766697#1_1;1.95;0.00;tripinfo_Auto_1201;227.00;Auto_1201;0;501.01;1.00;0.00;190.59;MotorCycle;;6;97.00
433.00;-166751738#1_1;130.81;11.50;18.00;13.00;37555829#0_1;3.70;0.00;tripinfo_Auto_49;415.00;Auto_49;0;1638.90;0.85;0.00;272.38;Car;;3;212.00
433.00;-36907357#1_1;86.83;10.55;27.00;4.00;167462465_1;2.70;0.00;tripinfo_Bus_192;406.00;Bus_192;0;1940.77;1.10;0.00;278.32;Auto;;6;164.00
433.00;167457326_1;304.94;14.29;209.00;46.00;317766697#1_1;3.70;0.00;tripinfo_MotorCycle_1245;224.00;MotorCycle_1245;0;499.26;1.10;0.00;191.08;Car;;6;97.00
434.00;167584712_1;145.02;13.44;32.00;3.00;-358333263#1_1;3.70;0.00;tripinfo_Bus_229;402.00;Bus_229;0;2003.16;0.99;0.00;266.64;Car;;5;167.00
435.00;167457326_1;304.94;14.61;213.00;48.00;317766697#1_1;3.70;0.00;tripinfo_Auto_1260;222.00;Auto_1260;0;499.26;1.13;0.00;189.54;Car;;6;97.00
435.00;317371668#1_1;150.53;11.87;411.00;15.00;317371668#1_1;2.70;0.00;tripinfo_Auto_3032;24.00;Auto_3032;0;147.83;0.86;0.00;10.76;Auto;;0;0.00
436.00;-166751738#1_1;130.81;12.05;24.00;12.00;37555829#0_1;10.20;0.00;tripinfo_Auto_100;412.00;Auto_100;0;1632.40;1.07;0.00;298.82;Bus;;3;204.00
436.00;167584712_1;145.02;13.12;36.00;2.00;-358333263#1_1;3.70;0.00;tripinfo_Car_256;400.00;Car_256;0;2003.16;0.96;0.00;259.92;Car;;5;163.00
436.00;167457326_1;304.94;14.19;216.00;49.00;317766697#1_1;2.70;0.00;tripinfo_Auto_1272;220.00;Auto_1272;0;500.26;1.03;0.00;184.48;Auto;;6;93.00
437.00;36897741#0_1;60.96;9.47;180.00;22.00;167456697_1;2.70;0.00;tripinfo_Bus_1211;257.00;Bus_1211;0;383.46;0.99;0.00;227.95;Auto;;5;137.00
437.00;317371668#1_1;150.53;12.93;415.00;19.00;317371668#1_1;3.70;0.00;tripinfo_Auto_3033;22.00;Auto_3033;0;146.83;0.95;0.00;10.36;Car;;0;0.00
438.00;-166751738#1_1;130.81;12.85;27.00;15.00;37555829#0_1;1.95;0.00;tripinfo_Auto_101;411.00;Auto_101;0;1640.65;0.96;0.00;284.16;MotorCycle;;3;201.00
438.00;167584712_1;145.02;14.12;46.00;10.00;-358333263#1_1;1.95;0.00;tripinfo_MotorCycle_277;392.00;MotorCycle_277;0;2004.91;1.21;0.00;271.77;MotorCycle;;6;165.00
438.00;167457326_1;304.94;12.77;219.00;52.00;317766697#1_1;1.95;0.00;tripinfo_Auto_1273;219.00;Auto_1273;0;501.01;0.94;0.00;180.11;MotorCycle;;7;94.00
439.00;-166751738#1_1;130.81;13.07;30.00;16.00;37555829#0_1;1.95;0.00;tripinfo_Auto_126;409.00;Auto_126;0;1640.65;1.03;0.00;291.40;MotorCycle;;3;198.00
439.00;173008341#6_1;117.82;11.98;140.00;23.00;330925771#2_1;2.70;0.00;tripinfo_MotorCycle_897;299.00;MotorCycle_897;0;1758.16;0.88;0.00;152.39;Auto;;5;76.00
439.00;36897741#0_1;60.96;9.61;183.00;24.00;167456697_1;2.70;0.00;tripinfo_MotorCycle_1220;256.00;MotorCycle_1220;0;383.46;0.89;0.00;223.46;Auto;;5;135.00
439.00;167457326_1;304.94;12.75;222.00;54.00;317766697#1_1;2.70;0.00;tripinfo_MotorCycle_1283;217.00;MotorCycle_1283;0;500.26;0.94;0.00;178.22;Auto;;6;91.00
440.00;-166751738#1_1;130.81;12.74;34.00;19.00;37555829#0_1;3.70;0.00;tripinfo_MotorCycle_134;406.00;MotorCycle_134;0;1638.90;1.23;0.00;307.44;Car;;3;195.00
440.00;36897741#0_1;60.96;9.15;187.00;28.00;167456697_1;3.70;0.00;tripinfo_MotorCycle_1221;253.00;MotorCycle_1221;0;382.46;0.97;0.00;223.55;Car;;5;133.00
441.00;173008341#6_1;117.82;13.55;143.00;20.00;330925771#2_1;1.95;0.00;tripinfo_MotorCycle_941;298.00;MotorCycle_941;0;1758.91;1.00;0.00;169.15;MotorCycle;;5;75.00
441.00;167457326_1;304.94;12.13;226.00;58.00;317766697#1_1;3.70;0.00;tripinfo_MotorCycle_1284;215.00;MotorCycle_1284;0;499.26;0.89;0.00;174.40;Car;;6;92.00
441.00;317371668#1_1;150.53;11.92;418.00;17.00;317371668#1_1;2.70;0.00;tripinfo_Auto_3067;23.00;Auto_3067;0;147.83;1.17;0.00;13.63;Auto;;0;0.00
442.00;-166751738#1_1;130.81;12.73;40.00;23.00;37555829#0_1;10.20;0.00;tripinfo_Auto_148;402.00;Auto_148;0;1632.40;0.97;0.00;276.93;Bus;;3;184.00
444.00;-166751738#1_1;130.81;13.47;43.00;26.00;37555829#0_1;1.95;0.00;tripinfo_Auto_149;401.00;Auto_149;0;1640.65;1.04;0.00;284.51;MotorCycle;;4;183.00
444.00;317371668#1_1;150.53;13.15;422.00;21.00;317371668#1_1;3.70;0.00;tripinfo_Auto_3068;22.00;Auto_3068;0;146.83;1.11;0.00;12.03;Car;;0;0.00
445.00;-166751738#1_1;130.81;12.23;53.00;33.00;37555829#0_1;1.95;0.00;tripinfo_MotorCycle_171;392.00;MotorCycle_171;0;1640.65;0.90;0.00;257.50;MotorCycle;;3;174.00
446.00;-166751738#1_1;130.81;12.94;55.00;34.00;37555829#0_1;1.95;0.00;tripinfo_Car_178;391.00;Car_178;0;1640.65;1.08;0.00;279.28;MotorCycle;;4;176.00
446.00;335563875#0_1;147.10;12.85;49.00;0.00;36907357#1_1;10.20;0.00;tripinfo_Car_368;397.00;Car_368;0;1789.48;1.14;0.00;282.16;Bus;;6;135.00
446.00;173008341#6_1;117.82;11.52;147.00;24.00;330925771#2_1;3.70;0.00;tripinfo_MotorCycle_942;299.00;MotorCycle_942;0;1757.16;0.83;0.00;144.11;Car;;5;70.00
448.00;-166751738#1_1;130.81;11.16;62.00;39.00;37555829#0_1;2.70;0.00;tripinfo_MotorCycle_199;386.00;MotorCycle_199;0;1639.90;0.83;0.00;239.56;Auto;;3;166.00
448.00;335563875#0_1;147.10;13.87;52.00;3.00;36907357#1_1;1.95;0.00;tripinfo_Car_369;396.00;Car_369;0;1797.73;1.02;0.00;266.44;MotorCycle;;6;147.00
449.00;-166751738#1_1;130.81;11.98;65.00;42.00;37555829#0_1;1.95;0.00;tripinfo_MotorCycle_200;384.00;MotorCycle_200;0;1640.65;0.95;0.00;256.53;MotorCycle;;3;165.00
449.00;317371668#1_1;150.53;12.27;425.00;21.00;317371668#1_1;2.70;0.00;tripinfo_MotorCycle_3089;24.00;MotorCycle_3089;0;147.83;0.96;0.00;12.50;Auto;;0;0.00
451.00;-166751738#1_1;130.81;12.42;72.00;38.00;37555829#0_1;3.70;0.00;tripinfo_MotorCycle_265;379.00;MotorCycle_265;0;1638.90;0.96;0.00;253.22;Car;;3;164.00
451.00;317371668#1_1;150.53;12.65;428.00;24.00;317371668#1_1;1.95;0.00;tripinfo_MotorCycle_3090;23.00;MotorCycle_3090;0;148.58;1.13;0.00;12.87;MotorCycle;;0;0.00
452.00;-166751738#1_1;130.81;12.61;75.00;37.00;37555829#0_1;2.70;0.00;tripinfo_Bus_298;377.00;Bus_298;0;1639.90;0.98;0.00;253.96;Auto;;3;161.00
454.00;-166751738#1_1;130.81;13.37;79.00;41.00;37555829#0_1;1.95;0.00;tripinfo_Bus_299;375.00;Bus_299;0;1640.65;1.16;0.00;269.89;MotorCycle;;2;159.00
455.00;-166751738#1_1;130.81;12.30;97.00;48.00;37555829#0_1;2.70;0.00;tripinfo_Auto_373;358.00;Auto_373;0;1639.90;0.91;0.00;224.89;Auto;;2;144.00
455.00;317371668#1_1;150.53;12.71;431.00;26.00;317371668#1_1;2.70;0.00;tripinfo_Auto_3105;24.00;Auto_3105;0;147.83;1.02;0.00;12.84;Auto;;0;0.00
456.00;317371668#1_1;150.53;12.34;434.00;29.00;317371668#1_1;1.95;0.00;tripinfo_Auto_3106;22.00;Auto_3106;0;148.58;1.01;0.00;11.31;MotorCycle;;0;0.00
457.00;-166800604#5_1;282.77;13.92;22.00;8.00;-167456093_1;3.70;0.00;tripinfo_MotorCycle_113;435.00;MotorCycle_113;0;3004.11;1.01;0.00;218.65;Car;;4;119.00
458.00;-330925771#2_1;98.00;11.71;28.00;0.00;172932752#4_1;3.70;0.00;tripinfo_Bus_224;430.00;Bus_224;0;1943.60;1.02;0.00;289.55;Car;;8;150.00
459.00;-166800604#5_1;282.77;13.85;10.00;0.00;-167456093_1;2.70;0.00;tripinfo_MotorCycle_81;449.00;MotorCycle_81;0;3005.11;1.00;0.00;230.54;Auto;;4;120.00
460.00;-330925771#2_1;98.00;10.73;31.00;2.00;172932752#4_1;2.70;0.00;tripinfo_Car_231;429.00;Car_231;0;1944.60;1.14;0.00;303.90;Auto;;7;150.00
460.00;317371668#1_1;150.53;13.20;438.00;32.00;317371668#1_1;3.70;0.00;tripinfo_Bus_3115;22.00;Bus_3115;0;146.83;0.96;0.00;10.84;Car;;0;0.00
461.00;-166800604#5_1;282.77;13.98;25.00;10.00;-167456093_1;1.95;0.00;tripinfo_Car_129;436.00;Car_129;0;3005.86;1.01;0.00;218.75;MotorCycle;;4;110.00
463.00;36897741#0_1;60.96;9.62;190.00;30.00;167456697_1;1.95;0.00;tripinfo_Car_1232;273.00;Car_1232;0;384.21;1.01;0.00;244.56;MotorCycle;;6;143.00
464.00;-166800604#5_1;282.77;12.26;16.00;4.00;-167456093_1;1.95;0.00;tripinfo_Bus_97;448.00;Bus_97;0;3005.86;0.91;0.00;206.83;MotorCycle;;4;110.00
464.00;317371668#1_1;150.53;12.51;442.00;31.00;317371668#1_1;2.70;0.00;tripinfo_Bus_3150;22.00;Bus_3150;0;147.83;0.98;0.00;11.14;Auto;;0;0.00
465.00;36897741#0_1;60.96;10.36;192.00;31.00;167456697_1;1.95;0.00;tripinfo_Car_1238;273.00;Car_1238;0;384.21;0.97;0.00;242.73;MotorCycle;;7;145.00
467.00;36897741#0_1;60.96;9.46;196.00;28.00;167456697_1;2.70;0.00;tripinfo_MotorCycle_1282;271.00;MotorCycle_1282;0;383.46;1.01;0.00;242.30;Auto;;7;139.00
469.00;36897741#0_1;60.96;10.67;199.00;29.00;167456697_1;1.95;0.00;tripinfo_Auto_1299;270.00;Auto_1299;0;384.21;1.00;0.00;240.75;MotorCycle;;7;133.00
469.00;317371668#1_1;150.53;11.09;446.00;35.00;317371668#1_1;3.70;0.00;tripinfo_Bus_3151;23.00;Bus_3151;0;146.83;0.82;0.00;9.59;Car;;0;0.00
471.00;167457326_1;304.94;14.89;229.00;56.00;317766697#1_1;1.95;0.00;tripinfo_Car_1315;242.00;Car_1315;0;501.01;1.10;0.00;208.42;MotorCycle;;7;114.00
471.00;36897741#0_1;60.96;9.52;202.00;17.00;167456697_1;2.70;0.00;tripinfo_MotorCycle_1414;269.00;MotorCycle_1414;0;383.46;0.87;0.00;235.17;Auto;;5;132.00
473.00;-36907357#1_1;86.83;12.39;30.00;7.00;167462465_1;1.95;0.00;tripinfo_Bus_193;443.00;Bus_193;0;1941.52;1.07;0.00;311.64;MotorCycle;;7;210.00
473.00;36897741#0_1;60.96;9.55;205.00;20.00;167456697_1;1.95;0.00;tripinfo_MotorCycle_1415;268.00;MotorCycle_1415;0;384.21;0.71;0.00;226.78;MotorCycle;;5;127.00
474.00;36897741#0_1;60.96;9.74;207.00;6.00;167456697_1;1.95;0.00;tripinfo_MotorCycle_1518;267.00;MotorCycle_1518;0;384.21;1.01;0.00;238.27;MotorCycle;;6;128.00
474.00;317371668#1_1;150.53;11.91;449.00;37.00;317371668#1_1;2.70;0.00;tripinfo_Bus_3161;25.00;Bus_3161;0;147.83;1.08;0.00;14.77;Auto;;0;0.00
476.00;167457326_1;304.94;13.80;233.00;57.00;317766697#1_1;2.70;0.00;tripinfo_Auto_1336;243.00;Auto_1336;0;500.26;1.01;0.00;206.51;Auto;;6;110.00
476.00;36897741#0_1;60.96;9.59;211.00;6.00;167456697_1;2.70;0.00;tripinfo_MotorCycle_1565;265.00;MotorCycle_1565;0;383.46;0.93;0.00;233.76;Auto;;5;121.00
476.00;317371668#1_1;150.53;12.68;452.00;34.00;317371668#1_1;1.95;0.00;tripinfo_Bus_3202;24.00;Bus_3202;0;148.58;1.16;0.00;13.98;MotorCycle;;1;1.00
477.00;-36907357#1_1;86.83;11.06;73.00;0.00;167462465_1;2.70;0.00;tripinfo_Car_544;404.00;Car_544;0;1940.77;1.01;0.00;265.40;Auto;;6;159.00
477.00;36897741#0_1;60.96;9.46;214.00;9.00;167456697_1;1.95;0.00;tripinfo_MotorCycle_1566;263.00;MotorCycle_1566;0;384.21;1.08;0.00;236.18;MotorCycle;;4;118.00
477.00;317371668#1_1;150.53;13.30;455.00;34.00;317371668#1_1;1.95;0.00;tripinfo_Car_3233;22.00;Car_3233;0;148.58;1.08;0.00;11.55;MotorCycle;;0;0.00
478.00;317371668#1_1;150.53;13.35;458.00;25.00;317371668#1_1;1.95;0.00;tripinfo_Auto_3331;20.00;Auto_3331;0;148.58;0.98;0.00;9.04;MotorCycle;;0;0.00
479.00;-36907357#1_1;86.83;11.52;76.00;3.00;167462465_1;1.95;0.00;tripinfo_Car_545;403.00;Car_545;0;1941.52;1.04;0.00;268.19;MotorCycle;;6;154.00
479.00;167457326_1;304.94;12.28;236.00;60.00;317766697#1_1;1.95;0.00;tripinfo_Auto_1337;243.00;Auto_1337;0;501.01;0.90;0.00;202.37;MotorCycle;;7;107.00
480.00;-36907357#1_1;86.83;11.25;82.00;8.00;167462465_1;1.95;0.00;tripinfo_Auto_556;398.00;Auto_556;0;1941.52;1.00;0.00;258.12;MotorCycle;;6;150.00
480.00;167457326_1;304.94;13.47;239.00;62.00;317766697#1_1;1.95;0.00;tripinfo_MotorCycle_1346;241.00;MotorCycle_1346;0;501.01;1.04;0.00;205.98;MotorCycle;;8;105.00
481.00;317371668#1_1;150.53;13.75;460.00;24.00;317371668#1_1;1.95;0.00;tripinfo_MotorCycle_3356;21.00;MotorCycle_3356;0;148.58;1.01;0.00;9.93;MotorCycle;;0;0.00
482.00;173008341#6_1;117.82;16.74;150.00;21.00;330925771#2_1;1.95;0.00;tripinfo_MotorCycle_989;332.00;MotorCycle_989;0;1758.91;1.26;0.00;226.87;MotorCycle;;6;119.00
483.00;-167186112#2_1;110.93;3.87;18.00;0.00;-167589230#4_1;2.70;0.00;tripinfo_MotorCycle_161;465.00;MotorCycle_161;0;1494.88;1.08;0.00;356.26;Auto;;4;271.00
485.00;-167186112#2_1;110.93;3.75;23.00;0.00;-167589230#4_1;2.70;0.00;tripinfo_Auto_195;462.00;Auto_195;0;1494.88;0.84;0.00;322.76;Auto;;3;262.00
486.00;-166800604#5_1;282.77;13.25;36.00;13.00;-167456093_1;2.70;0.00;tripinfo_MotorCycle_189;450.00;MotorCycle_189;0;3005.11;0.97;0.00;225.01;Auto;;5;118.00
487.00;-167186112#0_1;81.80;11.18;1.00;0.00;167461555_1;3.70;0.00;tripinfo_Auto_8;486.00;Auto_8;0;1629.42;0.94;0.00;355.99;Car;;4;280.00
487.00;-167186112#2_1;110.93;4.52;27.00;4.00;-167589230#4_1;3.70;0.00;tripinfo_Auto_196;460.00;Auto_196;0;1493.88;1.03;0.00;346.27;Car;;4;268.00
487.00;317371668#1_1;150.53;11.05;464.00;23.00;317371668#1_1;3.70;0.00;tripinfo_Bus_3392;23.00;Bus_3392;0;146.83;0.82;0.00;9.40;Car;;0;0.00
488.00;-166753912#0_1;133.04;13.90;0.00;0.00;166954897#0_0;1.95;0.00;tripinfo_Auto_4;488.00;Auto_4;0;1677.28;1.03;0.00;374.18;MotorCycle;;2;342.00
488.00;-167186112#0_1;81.80;10.92;3.00;1.00;167461555_1;1.95;0.00;tripinfo_MotorCycle_22;485.00;MotorCycle_22;0;1631.17;0.98;0.00;360.57;MotorCycle;;5;276.00
488.00;-166800604#5_1;282.77;14.25;28.00;10.00;-167456093_1;2.70;0.00;tripinfo_Auto_155;460.00;Auto_155;0;3005.11;1.12;0.00;264.98;Auto;;4;138.00
489.00;-166800604#5_1;282.77;14.53;31.00;13.00;-167456093_1;3.70;0.00;tripinfo_Auto_156;458.00;Auto_156;0;3004.11;1.18;0.00;272.73;Car;;5;134.00
490.00;-167186112#0_1;81.80;11.24;9.00;0.00;167461555_1;1.95;0.00;tripinfo_MotorCycle_66;481.00;MotorCycle_66;0;1631.17;0.91;0.00;346.23;MotorCycle;;4;261.00
492.00;-167186112#0_1;81.80;10.87;31.00;0.00;167461555_1;2.70;0.00;tripinfo_MotorCycle_249;461.00;MotorCycle_249;0;1630.42;1.11;0.00;352.58;Auto;;6;226.00
493.00;317371668#1_1;150.53;12.69;468.00;22.00;317371668#1_1;2.70;0.00;tripinfo_Bus_3424;25.00;Bus_3424;0;147.83;1.10;0.00;14.50;Auto;;0;0.00
494.00;-167186112#0_1;81.80;11.17;39.00;0.00;167461555_1;2.70;0.00;tripinfo_MotorCycle_302;455.00;MotorCycle_302;0;1630.42;0.98;0.00;331.01;Auto;;7;211.00
495.00;-167186112#0_1;81.80;11.12;43.00;4.00;167461555_1;3.70;0.00;tripinfo_MotorCycle_303;452.00;MotorCycle_303;0;1629.42;1.04;0.00;335.25;Car;;7;207.00
495.00;331667964#4_1;46.11;14.35;182.00;3.00;37571582#0_1;2.70;0.00;tripinfo_MotorCycle_1362;313.00;MotorCycle_1362;0;558.95;1.05;0.00;274.03;Auto;;11;171.00
496.00;-167186112#2_1;110.93;11.42;30.00;6.00;-167589230#4_1;2.70;0.00;tripinfo_MotorCycle_206;466.00;MotorCycle_206;0;1494.88;1.00;0.00;349.02;Auto;;4;273.00
498.00;-324991740#4_1;235.73;14.07;32.00;13.00;36907635#0_1;2.70;0.00;tripinfo_Bus_167;466.00;Bus_167;0;1739.76;1.03;0.00;342.44;Auto;;8;240.00
498.00;-167186112#2_1;110.93;12.51;34.00;10.00;-167589230#4_1;3.70;0.00;tripinfo_MotorCycle_207;464.00;MotorCycle_207;0;1493.88;0.97;0.00;342.72;Car;;4;270.00
498.00;-167186112#0_1;81.80;11.75;49.00;7.00;167461555_1;10.20;0.00;tripinfo_Bus_332;449.00;Bus_332;0;1622.92;1.01;0.00;328.89;Bus;;6;192.00
498.00;167584712_1;145.02;13.10;52.00;7.00;-358333263#1_1;1.95;0.00;tripinfo_Bus_352;446.00;Bus_352;0;2004.91;0.97;0.00;299.22;MotorCycle;;7;204.00
499.00;-324991740#4_1;235.73;13.88;35.00;13.00;36907635#0_1;1.95;0.00;tripinfo_Auto_182;464.00;Auto_182;0;1740.51;1.03;0.00;340.82;MotorCycle;;9;238.00
499.00;-167186112#2_1;110.93;11.99;37.00;8.00;-167589230#4_1;1.95;0.00;tripinfo_Bus_233;462.00;Bus_233;0;1495.63;1.15;0.00;360.28;MotorCycle;;4;269.00
499.00;167457326_1;304.94;16.36;243.00;66.00;317766697#1_1;3.70;0.00;tripinfo_MotorCycle_1347;256.00;MotorCycle_1347;0;499.26;1.18;0.00;225.10;Car;;9;115.00
499.00;36897741#0_1;60.96;11.17;216.00;9.00;167456697_1;1.95;0.00;tripinfo_Bus_1581;283.00;Bus_1581;0;384.21;1.02;0.00;254.18;MotorCycle;;5;135.00
500.00;-324991740#4_1;235.73;14.64;37.00;13.00;36907635#0_1;1.95;0.00;tripinfo_Auto_204;463.00;Auto_204;0;1740.51;1.07;0.00;344.36;MotorCycle;;11;231.00
500.00;-167186112#0_1;81.80;12.02;53.00;11.00;167461555_1;2.70;0.00;tripinfo_Bus_333;447.00;Bus_333;0;1630.42;0.93;0.00;316.80;Auto;;6;188.00
501.00;167584712_1;145.02;11.23;49.00;4.00;-358333263#1_1;2.70;0.00;tripinfo_Bus_351;452.00;Bus_351;0;2004.16;0.82;0.00;279.24;Auto;;6;192.00
501.00;36897741#0_1;60.96;9.57;220.00;13.00;167456697_1;3.70;0.00;tripinfo_Bus_1582;281.00;Bus_1582;0;382.46;0.88;0.00;248.39;Car;;6;132.00
501.00;317371668#1_1;150.53;11.27;475.00;28.00;317371668#1_1;10.20;0.00;tripinfo_Bus_3429;26.00;Bus_3429;0;140.33;1.00;0.00;15.30;Bus;;0;0.00
